titleInfo/0/title,titleInfo/1/title,titleInfo/1/_type,name/0/namePart/0,name/0/_type,typeOfResource,genre/0/_authority,genre/0/__text,genre/1/_authority,genre/1/__text,genre/2/_authority,genre/2/__text,originInfo/0/place/0/placeTerm/_type,originInfo/0/place/0/placeTerm/_authority,originInfo/0/place/0/placeTerm/__text,originInfo/0/place/1/placeTerm/_type,originInfo/0/place/1/placeTerm/__text,originInfo/0/place/2/placeTerm/_type,originInfo/0/place/2/placeTerm/__text,originInfo/0/publisher/0,originInfo/0/publisher/1,originInfo/0/dateIssued/0,originInfo/0/dateIssued/1/_encoding,originInfo/0/dateIssued/1/_point,originInfo/0/dateIssued/1/__text,originInfo/0/dateIssued/2/_encoding,originInfo/0/dateIssued/2/_point,originInfo/0/dateIssued/2/__text,originInfo/0/issuance,originInfo/0/frequency/0,originInfo/0/frequency/1,originInfo/0/frequency/2,originInfo/0/frequency/3/_authority,originInfo/0/frequency/3/__text,language/0/languageTerm/_authority,language/0/languageTerm/_type,language/0/languageTerm/__text,physicalDescription/form/0/_authority,physicalDescription/form/0/__text,physicalDescription/extent,note/0/_type,note/0/__text,note/1,note/2/_type,note/2/__text,note/3/_type,note/3/__text,note/4/_type,note/4/__text,note/5,note/6,subject/0/geographicCode/0/_authority,subject/0/geographicCode/0/__text,subject/1/temporal,subject/1/_authority,subject/2/topic/0,subject/2/genre/0,subject/2/_authority,subject/3/topic/0,subject/3/temporal,subject/3/genre/0,subject/3/_authority,subject/4/topic/0,subject/4/temporal,subject/4/genre/0,subject/4/_authority,subject/5/topic/0,subject/5/genre/0,subject/5/_authority,subject/6/topic/0,subject/6/temporal,subject/6/genre/0,subject/6/_authority,subject/7/topic/0,subject/7/temporal,subject/7/genre/0,subject/7/_authority,subject/8/topic/0,subject/8/genre/0,subject/8/_authority,subject/9/topic/0,subject/9/geographic/0,subject/9/genre/0,subject/9/_authority,subject/10/topic/0,subject/10/_authority,subject/11/topic/0,subject/11/_authority,subject/12/topic/0,subject/12/_authority,subject/13/topic/0,subject/13/_authority,subject/14/topic/0,subject/14/_authority,subject/15/topic/0,subject/15/_authority,subject/16/geographic/0,subject/16/_authority,classification/0/_authority,classification/0/__text,classification/1/_authority,classification/1/_edition,classification/1/__text,location/0/url/_displayLabel,location/0/url/_usage,location/0/url/__text,relatedItem/0/titleInfo/0/title,relatedItem/0/identifier/0/_type,relatedItem/0/identifier/0/__text,relatedItem/0/identifier/1/_type,relatedItem/0/identifier/1/__text,relatedItem/0/identifier/2/_type,relatedItem/0/identifier/2/__text,relatedItem/0/_type,relatedItem/1/titleInfo/0/title,relatedItem/1/identifier/0/_type,relatedItem/1/identifier/0/__text,relatedItem/1/identifier/1/_type,relatedItem/1/identifier/1/__text,relatedItem/1/identifier/2/_type,relatedItem/1/identifier/2/__text,relatedItem/1/_type,relatedItem/2/titleInfo/0/title,relatedItem/2/identifier/0/_type,relatedItem/2/identifier/0/__text,relatedItem/2/identifier/1/_type,relatedItem/2/identifier/1/__text,relatedItem/2/_type,identifier/0/_type,identifier/0/__text,identifier/1/_type,identifier/1/_invalid,identifier/1/__text,identifier/2/_type,identifier/2/__text,identifier/3/_type,identifier/3/__text,identifier/4/_type,identifier/4/_invalid,identifier/4/__text,identifier/5/_type,identifier/5/__text,identifier/6/_type,identifier/6/__text,identifier/7/_type,identifier/7/__text,recordInfo/descriptionStandard,recordInfo/recordContentSource/_authority,recordInfo/recordContentSource/__text,recordInfo/recordCreationDate/_encoding,recordInfo/recordCreationDate/__text,recordInfo/recordChangeDate/_encoding,recordInfo/recordChangeDate/__text,recordInfo/recordIdentifier,recordInfo/recordOrigin,recordInfo/languageOfCataloging/languageTerm/_authority,recordInfo/languageOfCataloging/languageTerm/_type,recordInfo/languageOfCataloging/languageTerm/__text,_version,name/0/namePart/1,name/1/namePart/0,name/1/_type,originInfo/0/frequency/1/_authority,originInfo/0/frequency/1/__text,note/2,subject/1/name/0/namePart/0,subject/1/name/0/namePart/1,subject/1/name/0/_type,subject/1/topic/0,subject/2/topic/1,subject/2/geographic/0,subject/2/geographic/1,subject/3/topic/1,subject/3/geographic/0,subject/3/geographic/1,originInfo/0/dateIssued/0/_encoding,originInfo/0/dateIssued/0/_point,originInfo/0/dateIssued/0/__text,originInfo/0/frequency/2/_authority,originInfo/0/frequency/2/__text,note/1/_type,note/1/__text,location/0/physicalLocation,titleInfo/0/nonSort,subject/0/topic/0,subject/0/topic/1,subject/0/_authority,subject/1/topic/1,titleInfo/2/title,titleInfo/2/_type,name/2/namePart/0,name/2/_type,note/3,note/4,subject/0/genre/0,subject/1/genre/0,relatedItem/0/part/detail/number,relatedItem/0/part/detail/_type,relatedItem/2/identifier/2/_type,relatedItem/2/identifier/2/__text,identifier/3/_invalid,identifier/2/_invalid,titleInfo/0/partName,titleInfo/3/title,titleInfo/3/_type,titleInfo/4/title,titleInfo/4/_type,titleInfo/5/title,titleInfo/5/_type,note/0/_altRepGroup,note/5/_type,note/5/__text,subject/4/topic/1,genre/3/_authority,genre/3/__text,physicalDescription/form/1/_authority,physicalDescription/form/1/__text,physicalDescription/form/2/_authority,physicalDescription/form/2/__text,physicalDescription/form/3/_authority,physicalDescription/form/3/__text,physicalDescription/form/4/_type,physicalDescription/form/4/_authority,physicalDescription/form/4/__text,physicalDescription/form/5/_type,physicalDescription/form/5/_authority,physicalDescription/form/5/__text,subject/1/geographic/0,classification/2/_authority,classification/2/__text,location/0/url/_note,location/1/url/_displayLabel,location/1/url/_note,location/1/url/__text,relatedItem/0/_displayLabel,identifier/0/_invalid,originInfo/0/frequency/0/_authority,originInfo/0/frequency/0/__text,location/1/physicalLocation,relatedItem/0/originInfo/0/dateOther/_type,relatedItem/0/originInfo/0/dateOther/__text,relatedItem/1/originInfo/0/dateOther/_type,relatedItem/1/originInfo/0/dateOther/__text,relatedItem/1/part/detail/number,relatedItem/1/part/detail/_type,relatedItem/2/originInfo/0/dateOther/_type,relatedItem/2/originInfo/0/dateOther/__text,relatedItem/2/part/detail/number,relatedItem/2/part/detail/_type,relatedItem/3/titleInfo/0/title,relatedItem/3/identifier/0/_type,relatedItem/3/identifier/0/__text,relatedItem/3/_type,relatedItem/4/titleInfo/0/title,relatedItem/4/identifier/0/_type,relatedItem/4/identifier/0/__text,relatedItem/4/_type,relatedItem/5/titleInfo/0/title,relatedItem/5/identifier/0/_type,relatedItem/5/identifier/0/__text,relatedItem/5/_type,titleInfo/0/subTitle,relatedItem/3/identifier/1/_type,relatedItem/3/identifier/1/__text,titleInfo/1/subTitle,relatedItem/0/originInfo/0/place/0/placeTerm/_type,relatedItem/0/originInfo/0/place/0/placeTerm/_authority,relatedItem/0/originInfo/0/place/0/placeTerm/__text,originInfo/1/place/0/placeTerm/_type,originInfo/1/place/0/placeTerm/__text,originInfo/1/publisher/0,originInfo/1/dateIssued/0,originInfo/1/_eventType,originInfo/2/place/0/placeTerm/_type,originInfo/2/place/0/placeTerm/__text,originInfo/2/publisher/0,originInfo/2/dateIssued/0,originInfo/2/_eventType,subject/0/geographicCode/1/_authority,subject/0/geographicCode/1/__text,subject/4/geographic/0,subject/6/geographic/0,subject/7/geographic/0,subject/15/geographic/0,subject/15/temporal,subject/15/genre/0,subject/16/geographic/1,subject/17/geographic/0,subject/17/_authority,subject/2/hierarchicalGeographic/country,subject/2/hierarchicalGeographic/state,subject/2/hierarchicalGeographic/county,subject/2/hierarchicalGeographic/city,titleInfo/6/title,titleInfo/6/_type,originInfo/0/frequency/3,originInfo/0/frequency/4,originInfo/0/frequency/5/_authority,originInfo/0/frequency/5/__text,language/1/languageTerm/_authority,language/1/languageTerm/_type,language/1/languageTerm/__text,subject/8/geographic/0,subject/9/geographic/1,subject/10/hierarchicalGeographic/country,subject/10/hierarchicalGeographic/state,subject/10/hierarchicalGeographic/county,subject/10/hierarchicalGeographic/city,relatedItem/4/identifier/1/_type,relatedItem/4/identifier/1/__text,relatedItem/4/_displayLabel,relatedItem/5/_displayLabel,relatedItem/6/titleInfo/0/title,relatedItem/6/identifier/0/_type,relatedItem/6/identifier/0/__text,relatedItem/6/identifier/1/_type,relatedItem/6/identifier/1/__text,relatedItem/6/_type,relatedItem/7/titleInfo/0/title,relatedItem/7/identifier/0/_type,relatedItem/7/identifier/0/__text,relatedItem/7/_type,relatedItem/8/titleInfo/0/title,relatedItem/8/identifier/0/_type,relatedItem/8/identifier/0/__text,relatedItem/8/identifier/1/_type,relatedItem/8/identifier/1/__text,relatedItem/8/_type,name/0/role/roleTerm/_type,name/0/role/roleTerm/__text,name/1/role/roleTerm/_type,name/1/role/roleTerm/__text,physicalDescription/form/2/_type,physicalDescription/form/3/_type,originInfo/0/frequency/4/_authority,originInfo/0/frequency/4/__text,relatedItem/5/identifier/1/_type,relatedItem/5/identifier/1/__text,relatedItem/5/identifier/2/_type,relatedItem/5/identifier/2/__text,classification/2/_edition,location/2/url/_displayLabel,location/2/url/_note,location/2/url/__text,location/3/url/_displayLabel,location/3/url/_note,location/3/url/__text,genre/4/_authority,genre/4/__text,subject/5/geographic/0,subject/7/geographic/1,subject/8/geographic/1,subject/11/hierarchicalGeographic/country,subject/11/hierarchicalGeographic/state,subject/11/hierarchicalGeographic/county,subject/11/hierarchicalGeographic/city,relatedItem/0/originInfo/0/publisher/0,relatedItem/1/_displayLabel,note/0,subject/0/temporal
Against the current,Against curr,abbreviated,"Center for Changes (Detroit, Mich.)",corporate,text,marcgt,periodical,fast,Periodicals.,lcgft,Periodicals.,code,marccountry,miu,text,New York,text,Detroit],Against the Current,Center for Changes,1980]-,marc,start,1980,marc,end,9999,serial,"Bimonthly, <1993->","Quarterly, fall 1980-","Bimonthly (except July-Aug.), <Jan.-Feb. 1986->",marcfrequency,Bimonthly,iso639-2b,code,eng,marcform,print,v. : ill. ; 28 cm.,date/sequential designation,"[Vol. 1, no. 1] (fall 1980)-v. 3, no. 3 (winter 1985) ; New ser., v. 1, no. 1 (Jan.-Feb. 1986)-",Title from cover.,numbering,Issues in new series bear also whole numbering.,numbering,"New ser. designation dropped. Issues for <v.30, no. 6 (Jan./Feb. 2016)-> also carry whole numbering <#180->",additional physical form,Also issued on microfilm by University Microfilms.,"New ser., v. 1 (1986)-5 (1990). 1 v.","Absorbed: Changes socialist journal, and: Socialist unity, with Jan./Feb. 1986 issue.",marcgac,n-us---,Since 1945,fast,Socialism,Periodicals,lcsh,World politics,1945-1989,Periodicals,lcsh,World politics,1989-,Periodicals,lcsh,Social problems,Periodicals,lcsh,Economic history,1971-1990,Periodicals,lcsh,Economic history,1990-,Periodicals,lcsh,Social change,Periodicals,lcsh,Labor,United States,Periodicals,lcsh,Economic history,fast,Labor,fast,Social change,fast,Social problems,fast,Socialism,fast,World politics,fast,United States,fast,lcc,HX1 .A23,ddc,19,335/.005,electronic resource,primary display,http://bibpurl.oclc.org/web/75240,Against the current (Online),issn,2162-2876,local,(DLC)  2011202310,local,(OCoLC)50254778,otherFormat,Changes socialist journal,issn,0746-5335,local,(DLC)   84649223,local,(OCoLC)10116350,preceding,Socialist unity,local,(DLC)sn 94024297,local,(OCoLC)31025071,preceding,issn,0739-4853,issn,yes,0746-5335,issn-l,0739-4853,lccn,86643198,lccn,yes,sc 83006333,oclc,ocm09201501,oclc,9201501,stock number,"Against the Current, 17300 Woodward, Detroit, MI 48203",aacr,marcorg,BNT,marc,830208,iso8601,20180917134647.0,551173,"Converted from MARCXML to MODS version 3.5 using MARC21slim2MODS3-5.xsl
				(Revision 1.107 2016/1/7)",iso639-2b,code,eng,3.5,,,,,,,,,,,,,,,,,,,,,,,,,,,,,,,,,,,,,,,,,,,,,,,,,,,,,,,,,,,,,,,,,,,,,,,,,,,,,,,,,,,,,,,,,,,,,,,,,,,,,,,,,,,,,,,,,,,,,,,,,,,,,,,,,,,,,,,,,,,,,,,,,,,,,,,,,,,,,,,,,,,,,,,,,,,,,,,,,,,,,,,,,,,,,,,,,,,,,,,,,
Allegheny socialist,,,Democratic Socialists of America,corporate,text,marcgt,periodical,,,,,code,marccountry,pau,text,"Pittsburgh, Pa",,,Pittsburgh Chapter of Democratic Socialists of America,,1982-,marc,start,1982,marc,end,9999,serial,Bimonthly,,,,,iso639-2b,code,eng,marcform,print,v. : ill. ; 28 cm.,date/sequential designation,"Vol. 10, no. 5 (Nov.-Dec. 1982)-",Title from caption.,,,,,,,,,marcgac,n-us-pa,,lcsh,Socialism,,lcsh,Socialists,,,lcsh,,,,,,,,,,,,,,,,,,,,,,,,,,,,,,,,,,,,,lcc,HX1 .A442,,,,,,,Democratic Socialists of America.  Pittsburgh Local news letter,local,(OCoLC)26835416,local,(DLC)sn 92037613,,,preceding,,,,,,,,,,,,,,,lccn,sn 92037614,oclc,,26835445,,,,,,,,,,,,,,aacr,marcorg,PIT,marc,921022,iso8601,19990522225058.0,1200682,"Converted from MARCXML to MODS version 3.5 using MARC21slim2MODS3-5.xsl
				(Revision 1.107 2016/1/7)",,,,3.5,Pittsburgh Chapter.,Institute for Democratic Socialism (U.S.),corporate,marcfrequency,Bimonthly,Issued Apr.-May 1984-   with the Institute for Democratic Socialism.,Democratic Socialists of America.,Pittsburgh Chapter,corporate,Periodicals,Periodicals,Pennsylvania,Pittsburgh,Periodicals,Pennsylvania,Pittsburgh,,,,,,,,,,,,,,,,,,,,,,,,,,,,,,,,,,,,,,,,,,,,,,,,,,,,,,,,,,,,,,,,,,,,,,,,,,,,,,,,,,,,,,,,,,,,,,,,,,,,,,,,,,,,,,,,,,,,,,,,,,,,,,,,,,,,,,,,,,,,,,,,,,,,,,,,,,,,,,,,,,,,,,,,,,,,,,,,,,,,,,,,,
American appeal,,,Socialist Party (U.S.),corporate,text,marcgt,periodical,,,,,code,marccountry,ilu,text,Chicago,,,Socialist party of America.,,,marc,end,1927,,,,serial,"Weekly, Jan. 1926-Nov. 1927.","Monthly, July 1920-Oct. 1925.",,,,iso639-2b,code,eng,marcform,print,,date/sequential designation,"v. 1-8, no. 48; July 15, 1920-Nov. 26, 1927.",,,,,,,,,,,,,,,,,,,,,,,,,,,,,,,,,,,,,,,,,,,,,,,,,,,,,,,,,,,,,,,,,Young socialists' magazine,,,,,,,preceding,New leader,,,,,,,succeeding,New leader and American appeal,,,,,succeeding,lccn,28029833,oclc,,01479305,,,,,,,,,,,,,,,marcorg,MUL,marc,750726,iso8601,19990522220422.0,519216,"Converted from MARCXML to MODS version 3.5 using MARC21slim2MODS3-5.xsl
				(Revision 1.107 2016/1/7)",,,,3.5,,,,,,,,,,,,,,,,,marc,start,1920,marcfrequency,Weekly,numbering,"No numbers were issued for Aug/Sept. or Nov/Dec., 1925.",PIT PITT,,,,,,,,,,,,,,,,,,,,,,,,,,,,,,,,,,,,,,,,,,,,,,,,,,,,,,,,,,,,,,,,,,,,,,,,,,,,,,,,,,,,,,,,,,,,,,,,,,,,,,,,,,,,,,,,,,,,,,,,,,,,,,,,,,,,,,,,,,,,,,,,,,,,,,,,,,,,,,,,,,,,,,,,,,,,,,,,,
Campaigner,,,National Caucus of Labor Committees,corporate,text,marcgt,periodical,marcgt,bibliography,,,code,marccountry,nyu,text,New York,,,"Campaigner Publications, etc.]",,,marc,end,9999,,,,serial,"10 no. a year <, Aug. 1978->",,,,,iso639-2b,code,eng,marcform,print,v. ill. 28 cm.,date/sequential designation,v. 1-   Sept./Oct. 1973-,"Journal of the National Caucus of Labor Committees, <Aug. 1978-> (with the U.S. Labor Party <, Dec. 1978->)",,,,,,,,,,,1965-,lcsh,,,,,,,,,,,,,,,,,,,,,,,,,,,,,,,,,,,,,,,,,,,,lcc,HX1 .C33,ddc,,320.5/31/05,,,,,,,,,,,,,,,,,,,,,,,,,,issn,0045-4109,lccn,,73647664,oclc,01789719,,,,,,,,,,,,,marcorg,DLC,marc,740131,iso8601,20121114185504.0,529556,"Converted from MARCXML to MODS version 3.5 using MARC21slim2MODS3-5.xsl
				(Revision 1.107 2016/1/7)",,,,3.5,,United States Labor Party,corporate,marcfrequency,Monthly,Vols. for 1973-   issued by the National Caucus of Labor Committees.,,,,World politics,,,,,,,marc,start,1973,,,,,PIT PITT,The,Socialism,Periodicals,lcsh,Periodicals,,,,,,,,,,,,,,,,,,,,,,,,,,,,,,,,,,,,,,,,,,,,,,,,,,,,,,,,,,,,,,,,,,,,,,,,,,,,,,,,,,,,,,,,,,,,,,,,,,,,,,,,,,,,,,,,,,,,,,,,,,,,,,,,,,,,,,,,,,,,,,,,,,,,,,,,,,,,,,,,,,,,,,,,,,,,
Changes socialist journal,Chang. social. j,abbreviated,"Labor Education Association (Detroit, Mich.)",corporate,text,marcgt,periodical,,,,,code,marccountry,miu,text,"Detroit, MI",,,Labor Education Association,,c1983-c1985,marc,start,1983,marc,end,1985,serial,Bimonthly,,,,,iso639-2b,code,eng,marcform,print,2 v. : ill. ; 28 cm.,date/sequential designation,"Vol. 5, no. 10-11 (Nov.-Dec. 1983)-v. 7, no. 9-10 (Sept.-Oct. 1985).",Title from cover.,,,,,,,,,,,1945-1989,lcsh,,,,,,,,,,,,,,,,,,,,,,,,,,,,,,,,,,,,,,,,,,,,lcc,HX1 .C476,ddc,19,335/.005,,,,Alternative press index,,,,,,,isReferencedBy,Changes socialist monthly,issn,0194-8350,local,(DLC)   83640167,local,(OCoLC)4814085,preceding,Against the current,issn,0739-4853,local,(DLC)   86643198,succeeding,issn,0746-5335,issn,yes,0194-8350,lccn,84649223,lccn,sn 83003207,oclc,,10116350,,,,,,,,marcorg,NSD,marc,831110,iso8601,20130131112621.0,552157,"Converted from MARCXML to MODS version 3.5 using MARC21slim2MODS3-5.xsl
				(Revision 1.107 2016/1/7)",,,,3.5,,International Socialists (U.S.),corporate,marcfrequency,Bimonthly,Issued by: International Socialists.,,,,World politics,,,,,,,,,,,,,,PIT PITX,,Socialism,,lcsh,,Socialist journal changes,alternative,"Center for Changes (Detroit, Mich.)",corporate,"Published: Center for Changes, Mar./Apr. 1984-Sept./Oct. 1985.","With: Socialist unity, absorbed by: Against the current, in Jan. 1986.",Periodicals,Periodicals,,part,local,(OCoLC)9201501,yes,,,,,,,,,,,,,,,,,,,,,,,,,,,,,,,,,,,,,,,,,,,,,,,,,,,,,,,,,,,,,,,,,,,,,,,,,,,,,,,,,,,,,,,,,,,,,,,,,,,,,,,,,,,,,,,,,,,,,,,,,,,,,,,,,,,,,,,,,,,,,,,,,,,,,,,,,,,,,,,
Changes socialist monthly,Changes,alternative,International Socialists (U.S.),corporate,text,marcgt,periodical,,,,,code,marccountry,miu,text,"Detroit, MI",,,Changes Socialist Monthly,,[c1979-c1983],marc,start,1979,marc,end,1983,serial,Monthly except July-Aug. and Dec.-Jan.,,,,,iso639-2b,code,eng,marcform,print,5 v. : ill. ; 28 cm.,date/sequential designation,"Vol. 1, no. 1 (Feb. 1979)-v. 5, no. 9 (Oct. 1983).",Title from cover.,,,,,,,,,,,1945-1989,lcsh,,,,,,,,,,,,,,,,,,,,,,,,,,,,,,,,,,,,,,,,,,,,lcc,HX1 .C476,ddc,19,335/.005,,,,Workers' power,local,(OCoLC)1770108,,,,,preceding,Changes socialist journal,issn,0746-5335,local,(DLC)   84649223,local,(OCoLC)10116350,succeeding,,,,,,,issn,0194-8350,lccn,,83640167 //r83,lccn,sn 79000519,oclc,04814085,,,,,,,,,,,marcorg,PIT,marc,790403,iso8601,20130131112552.0,544631,"Converted from MARCXML to MODS version 3.5 using MARC21slim2MODS3-5.xsl
				(Revision 1.107 2016/1/7)",,,,3.5,,"Labor Education Association (Detroit, Mich.)",corporate,marcfrequency,Monthly,Issued by: International Socialist.,,,,World politics,,,,,,,,,,,,,,PIT PITX,,Socialism,,lcsh,,Socialist monthly changes,alternative,,,"Published: Labor Education Association, Nov. 1982-Oct. 1983.",,Periodicals,Periodicals,,,,,,yes,,,,,,,,,,,,,,,,,,,,,,,,,,,,,,,,,,,,,,,,,,,,,,,,,,,,,,,,,,,,,,,,,,,,,,,,,,,,,,,,,,,,,,,,,,,,,,,,,,,,,,,,,,,,,,,,,,,,,,,,,,,,,,,,,,,,,,,,,,,,,,,,,,,,,,,,,,,,,,
Democratic Socialists of America,Pittsburgh Local newsletter,alternative,Democratic Socialists of America,corporate,text,marcgt,periodical,,,,,code,marccountry,pau,text,"Pittsburgh, Pa",,,The Local,,1982,marc,start,1982,marc,end,1982,serial,Bimonthly,,,,,iso639-2b,code,eng,marcform,print,1 v. : ill. ; 28 cm.,date/sequential designation,"Vol. 10, no. 4 (Sept.-Oct. 1982).",Title from caption.,,,,,,,,,marcgac,n-us-pa,,lcsh,Socialism,,lcsh,Socialists,,,lcsh,,,,,,,,,,,,,,,,,,,,,,,,,,,,,,,,,,,,,lcc,HX1 .D45,,,,,,,New American movement.  Pittsburgh Chapter newsletter,local,(OCoLC)26835391,local,(DLC)sn 92037612,,,preceding,Allegheny socialist,local,(OCoLC)26835445,local,(DLC)sn 92037614,,,succeeding,,,,,,,lccn,sn 92037613,oclc,,26835416,,,,,,,,,,,,,,aacr,marcorg,PIT,marc,921022,iso8601,19990522225058.0,1200679,"Converted from MARCXML to MODS version 3.5 using MARC21slim2MODS3-5.xsl
				(Revision 1.107 2016/1/7)",,,,3.5,Pittsburgh Chapter.,,,marcfrequency,Bimonthly,,Democratic Socialists of America.,Pittsburgh Chapter,corporate,Periodicals,Periodicals,Pennsylvania,Pittsburgh,Periodicals,Pennsylvania,Pittsburgh,,,,,,,,,,,,,,,,,,,,,,,,,,,,Pittsburgh Local newsletter,,,,,,,,,,,,,,,,,,,,,,,,,,,,,,,,,,,,,,,,,,,,,,,,,,,,,,,,,,,,,,,,,,,,,,,,,,,,,,,,,,,,,,,,,,,,,,,,,,,,,,,,,,,,,,,,,,,,,,,,,,,,,,,,,,,,,,,,,,,,,,,,,,,,,,,,,,,,,
Discussion bulletin,New American Movement discussion bulletin,alternative,New American Movement (Organization),corporate,text,marcgt,periodical,,,,,code,marccountry,ilu,text,"Minneapolis, Minn",,,The Movement,,1972-1981,marc,start,1972,marc,end,1981,serial,Quarterly,,,,,iso639-2b,code,eng,marcform,print,10 v. : ill. ; 28 cm.,statement of responsibility,New American Movement.,,,,,,,,,"Issued with: Women organizing, no. 1-8 (1978-1981); and: Plant closings bulletin, no. 2 (spring 1981).",marcgac,n-us---,,lcsh,Socialism,,lcsh,Socialism,,,lcsh,Socialists,,,lcsh,,,,,,,,,,,,,,,,,,,,,,,,,,,,,,,,,lcc,HX1 .D52,,,,,,,,,,,,,,,,,,,,,,,,,,,,,lccn,sn 92038611,oclc,,08371178,,,,,,,,,,,,,,aacr,marcorg,WIH,marc,820426,iso8601,20121206183821.0,1200684,"Converted from MARCXML to MODS version 3.5 using MARC21slim2MODS3-5.xsl
				(Revision 1.107 2016/1/7)",,,,3.5,,,,marcfrequency,Quarterly,Title from cover.,New American Movement (Organization),,corporate,Periodicals,Periodicals,,,Periodicals,United States,,,,,,,date/sequential designation,No. 1 (fall 1972)-no. 35 (spring 1981).,,,,,,,New American Movement bulletin,alternative,,,Issue for June 1973 has cover title: NAM bulletin.,"Published: Chicago, Ill., 1975-",,,,,,,,,,NAM discussion bulletin no. 17-,alternative,NAM bulletin,alternative,Discussion bulletin (New American Movement (Organization)),uniform,00,numbering,Two issues published for spring 1981.,Periodicals,,,,,,,,,,,,,,,,,,,,,,,,,,,,,,,,,,,,,,,,,,,,,,,,,,,,,,,,,,,,,,,,,,,,,,,,,,,,,,,,,,,,,,,,,,,,,,,,,,,,,,,,,,,,,,,,,,,,,,,,,,,,,,,,,,,,,,,,,,,,,,,,,,,
In these times,In these times,abbreviated,Institute for Policy Studies,corporate,text,marcgt,periodical,,,,,code,marccountry,ilu,text,Chicago,,,"Institute for Public Affairs, etc.]",,,marc,end,9999,,,,serial,"41 no. a year <, Apr. 24-30, 1985->","42 no. a year <, Nov. 21/Dec 4, 1979->","Weekly (except 1st weeks of Jan. & Aug., last weeks of July & Dec.) <, Aug. 1979->",marcfrequency,Weekly,iso639-2b,code,eng,marcform,print,v. ill. 45 cm.,date/sequential designation,"v. 1-   Nov. 15-21, 1976-","""The independent socialist newspaper.""",,,,,,,,,,,,,,,,,,,,,,,,,,,,,,,,,,,,,,,,,,,,,,,,,,,,,,,,lcc,AP2 .I526,ddc,,051,,,,Alternative press index,,,,,,,isReferencedBy,,,,,,,,,,,,,,,issn,0160-5992,lccn,,78640799,oclc,03690551,,,,,,,,,,,,,marcorg,DLC,marc,780306,iso8601,20121114185540.0,542450,"Converted from MARCXML to MODS version 3.5 using MARC21slim2MODS3-5.xsl
				(Revision 1.107 2016/1/7)",,,,3.5,,Institute for Public Affairs,corporate,,,Vols. for 1978-82 isued by the Institute for Policy Studies; 1985-   by the Instute for Public Affairs.,,,,,,,,,,,marc,start,1976,,,,,PIT PITX,,,,,,,,,,,,,,,part,,,,,,,,,,,,,,,,,,,,,,,,,,,,,,,,,,,,,,,,,,,,,,,,,,,,,,,,,,,,,,,,,,,,,,,,,,,,,,,,,,,,,,,,,,,,,,,,,,,,,,,,,,,,,,,,,,,,,,,,,,,,,,,,,,,,,,,,,,,,,,,,,,,,,,,,,,,,,,,,,,
In these times,In these times (Online),uniform,Institute for Policy Studies,corporate,text,marcgt,periodical,rdacontent,text,,Periodicals.,code,marccountry,ilu,text,Chicago],,,"[Institute for Public Affairs, etc.]",,,marc,end,9999,,,,serial,"41 no. a year, <Apr. 24-30, 1985->","Weekly (except 1st weeks of Jan. & Aug., last weeks of July & Dec.), <Aug. 1979->","42 no. a year, <Nov. 21/Dec 4, 1979->",marcfrequency,Weekly,iso639-2b,code,eng,marcform,electronic,,date/sequential designation,"Print began with v. 1 in Nov. 15-21, 1976.","""The independent socialist newspaper.""",system details,Mode of access: World Wide Web.,,,,,,,marcgac,n-us---,,lcsh,Socialism,,,,,,,,,,,,,,,,,,,,,,,,,,,,,,,,,,,,,,,,,,,lcc,AP2 .I526,lcc,,HX1 .I55,electronic resource,primary display,http://pitt.idm.oclc.org/login?url=https://advance.lexis.com/api/search?source=MTA1NDcxNg&context=1516831,In these times,issn,0160-5992,local,(DLC)   78640799,local,(OCoLC)3690551,otherFormat,,,,,,,,,,,,,,,issn,0160-5992,,,,,,,,,,,,,,,,,aacr,marcorg,OCLCS,marc,780306,iso8601,20181218084849.0,4181809,"Converted from MARCXML to MODS version 3.5 using MARC21slim2MODS3-5.xsl
				(Revision 1.107 2016/1/7)",iso639-2b,code,eng,3.5,,"Institute for Public Affairs (Chicago, Ill.)",corporate,,,,,,,Socialism,,,,,United States,,marc,start,1976,,,,,,,,,,,,,,,Vols. for 1978-82 issued by the Institute for Policy Studies; 1985- by the Institute for Public Affairs.,,,Periodicals,,,,,,,,,,,,,,,,,,,Electronic journals.,gmd,electronic resource,marccategory,electronic resource,marcsmd,remote,media,rdamedia,computer,carrier,rdacarrier,online resource,United States,ddc,051,Pitt users please click through to access via Nexis Uni: 08/19/1996 to present,electronic resource,Pitt users please click through to access via Freely Accessible General Interest Journals: 2001 to present,http://www.inthesetimes.com,Print version:,yes,,,,,,,,,,,,,,,,,,,,,,,,,,,,,,,,,,,,,,,,,,,,,,,,,,,,,,,,,,,,,,,,,,,,,,,,,,,,,,,,,,,,,,,,,,,,,,,,,,,,,,,,,,,,,,,,,,,,,,,,,,,,
Independent socialist,,,Independent Socialist Clubs of America,corporate,text,marcgt,periodical,,,,,code,marccountry,cau,text,"New York, N.Y. : New York Independent Socialist Club",,,,,1967-1968,marc,start,1967,marc,end,1968,serial,"10 no. a year, 1968","bimonthly, 1967",,,,iso639-2b,code,eng,marcform,print,"1 v. : ill., ; 27 cm.",date/sequential designation,"Vol. 1, no. 1 (Jan./Feb.1967)-v. 1, no. 7 (Oct. 1968)",,,,,,,,,,,,,,,,,,,,,,,,,,,,,,,,,,,,,,,,,,,,,,,,,,,,,,,,,,,,,,,,,"I.S., independent socialist",local,(OCoLC)4799318,,,,,succeeding,,,,,,,,,,,,,,,oclc,02262203,,,,,,,,,,,,,,,,,,marcorg,PIT,marc,760620,iso8601,19990522220422.0,534877,"Converted from MARCXML to MODS version 3.5 using MARC21slim2MODS3-5.xsl
				(Revision 1.107 2016/1/7)",,,,3.5,,New York Independent Socialist Club,corporate,,,"Vol 1, nos. 4-7 published by the California Independent Socialist Clubs of America in Berkeley, California",,,,,,,,,,,,,,marcfrequency,Monthly,numbering,Frequency varies.,PIT PITX,,Socialism,Periodicals,lcsh,,,,,,,,,,,,,,,,,,,,,,,,,,,,,,,,,,,,,,,,,,,,,,,,,,,,,,,,,,,,,,,,,,,,,,,,,,,,,,,,,,,,,,,,,,,,,,,,,,,,,,,,,,,,,,,,,,,,,,,,,,,,,,,,,,,,,,,,,,,,,,,,,,,,,,,,,,,,,,,,,,,,,,,,,,,,,
Internal bulletin,,,Socialist Workers Party,corporate,text,marcgt,periodical,,,,,code,marccountry,nyu,text,New York,,,,,,marc,end,19uu,,,,serial,,,,,,iso639-2b,code,eng,marcform,print,v.,date/sequential designation,no. 1-   1937-,,,,,,,,,,,,,,,,,,,,,,,,,,,,,,,,,,,,,,,,,,,,,,,,,,,,,,,,,,,,,,,,,,,,,,,,,,,,,,,,,,,,,,,oclc,01773541,,,,,,,,,,,,,,,,,,marcorg,,marc,751101,iso8601,19990522220422.0,528292,"Converted from MARCXML to MODS version 3.5 using MARC21slim2MODS3-5.xsl
				(Revision 1.107 2016/1/7)",,,,3.5,,,,,,,,,,,,,,,,,marc,start,1937,,,,,PIT PITX,,,,,,,,,,,,,,,,,,,,,,,,,,,,,,,,,,,,,,,,,,,,,,,,,,,,,,marcfrequency,Unknown,,,,,,,,,,,,,,,,,,,,,,,,,,,,,,,,,,,,,,,,,,,,,,,,,,,,,,,,,,,,,,,,,,,,,,,,,,,,,,,,,,,,,,,,,,,,,,,,,,,,,,,,,,,,,,,,,,,,,,,,,,
International Socialist review,Int. Social. rev,abbreviated,,,text,marcgt,periodical,,,,,code,marccountry,nyu,text,New York,,,International Socialist Review Pub. Association],,,marc,end,1975,,,,serial,Monthly (bimonthly July-Aug.) May 1970-Mar. 1975,Quarterly summer 1956-fall 1966,Bimonthly Jan.-Feb. 1967--Mar.-Apr. 1970,marcfrequency,Monthly,iso639-2b,code,eng,marcform,print,20 v. ill. 22-28 cm.,date/sequential designation,"Vol. 17, no. 3 (summer 1956)-vol. 36, no. 3 (Mar. 1975).",,,,,,,,,,,,,,,,,,,,,,,,,,,,,,,,,,,,,,,,,,,,,,,,,,,,,,,,,,,,,,,,,"America, history and life",,,,,,,isReferencedBy,Historical abstracts. Part A. Modern history abstracts,,,,,,,isReferencedBy,Historical abstracts. Part B. Twentieth century abstracts,,,,,isReferencedBy,issn,0020-8744,lccn,,sc 78000044,oclc,02262633,,,,,,,,,,,,,marcorg,,marc,760620,iso8601,20121114185521.0,535055,"Converted from MARCXML to MODS version 3.5 using MARC21slim2MODS3-5.xsl
				(Revision 1.107 2016/1/7)",,,,3.5,,,,,,,,,,,,,,,,,marc,start,1956,,,,,PIT PITT,,,,,,,,,,,,,,,part,,,,,,,,,,,,,,,,,,,,,,,,,,,,,,,,,,,,,,,,,PIT PITX,coverage,1971-1974,coverage,1971-1974,,part,coverage,1971-1974,,part,"Fourth International (New York, N.Y.)",local,(OCoLC)7196004,preceding,Young Socialist,local,(OCoLC)5463533,preceding,Militant,local,(OCoLC)2264193,succeeding,,,,,,,,,,,,,,,,,,,,,,,,,,,,,,,,,,,,,,,,,,,,,,,,,,,,,,,,,,,,,,,,,,,,,,,,,,,,,,,,,,,,,,,,,,,,,,,,,,,
I.S,Independent socialist,alternative,Independent Socialist Clubs of America,corporate,text,marcgt,periodical,,,,,code,marccountry,cau,text,"Berkeley, Ca",,,Independent Socialist Clubs of America,,1969-1969,marc,start,1969,marc,end,1969,serial,Ten no. a year,,,,,iso639-2b,code,eng,marcform,print,5 no. : ill. ; 44 cm.,date/sequential designation,No. 8 (March 1969)-no. 12 (Sept. 1969),"""Monthly magazine of the Independent Socialist Clubs of America.""",,,,,,,,,,,,,,,,,,,,,,,,,,,,,,,,,,,,,,,,,,,,,,,,,,,,,,,,,,,,,,,,Independent socialist,local,(OCLC) 2262203,,,,,preceding,"I.S., international socialist",local,(OCLC) 1752454,,,,,succeeding,,,,,,,oclc,04799318,,,,,,,,,,,,,,,,,,marcorg,PIT,marc,790330,iso8601,19990522220422.0,544608,"Converted from MARCXML to MODS version 3.5 using MARC21slim2MODS3-5.xsl
				(Revision 1.107 2016/1/7)",,,,3.5,,,,marcfrequency,Monthly,,,,,,,,,,,,,,,,,,,PIT PITX,,Socialism,Periodicals,lcsh,,,,,,,,,,,,,,,,,,,,,,,,,,,,,,,,,,,,,,,,,,,,,,,,,,,,,,,,,,,,,,,,,,,,,,,,,,,independent socialist,,,,,,,,,,,,,,,,,,,,,,,,,,,,,,,,,,,,,,,,,,,,,,,,,,,,,,,,,,,,,,,,,,,,,,,,,,,,,,,,,,,,,,,,,,,,,,,,,,
"I. S., independent socialist",Independent socialist,alternative,Independent Socialist Clubs of America,corporate,text,marcgt,newspaper,,,,,code,marccountry,ohu,text,"Berkeley, Calif",,,Independent Socialist Clubs of America.,,,marc,end,1969,,,,serial,,,,,,iso639-2b,code,eng,marcform,microfilm,5 no. ill. 44 cm.,date/sequential designation,no. 8-12; Apr.-Sep. 1969.,"""Monthly magazine of the Independent Socialist Clubs of America.""",reproduction,"Microfilm. Wooster, Ohio, Bell & Howell. 35 mm. (Underground Newspaper Microfilm Collection).",,,,,,,,,,,,,,,,,,,,,,,,,,,,,,,,,,,,,,,,,,,,,,,,,,,,,,,,,,,,,,Independent socialist,,,,,,,preceding,"I. S., international socialist",,,,,,,succeeding,,,,,,,oclc,04799259,,,,,,,,,,,,,,,,,,marcorg,PIT,marc,790330,iso8601,19990522220422.0,544607,"Converted from MARCXML to MODS version 3.5 using MARC21slim2MODS3-5.xsl
				(Revision 1.107 2016/1/7)",,,,3.5,,,,,,,,,,,,,,,,,marc,start,1969,,,,,PIT PIT2,,Socialism,Periodicals,lcsh,,,,,,,,,,,,,,,,,,,,,,,,,,,,,,,,,,,,,,,,,,,,,,,,,,marcfrequency,Unknown,,,,,,,,,,,,,,,,,,,,,,,,,,,,,,,,,,,,,,,,,,,,,,,,,,,,,,,,,,,,,,,,,,,,,,,,,,,,,,,,,,,,,,,,,,,,,,,,,,,,,,,,,,,,,,,,,,,,,,,,,,
I.S,International socialist,alternative,International Socialists,corporate,text,marcgt,newspaper,,,,,code,marccountry,cau,text,"Berkeley, Calif",,,International Socialist Publishing Co.,,1969-1970,marc,start,1969,marc,end,1970,serial,Ten no. a year,,,,,iso639-2b,code,eng,marcform,print,8 no. : ill. ; 44 cm.,date/sequential designation,No. 13 (Oct. 1969)-no. 20 (June 1970),"""A revolutionary socialist monthly.""",,,,,,,,,,,,,,,,,,,,,,,,,,,,,,,,,,,,,,,,,,,,,,,,,,,,,,,,,,,,,,,,"I.S., independent socialist",local,(OCoLC)4799318,,,,,preceding,Worker's power,issn,0019-0535,local,(OCoLC)1770108,,,succeeding,,,,,,,oclc,01752454,,,,,,,,,,,,,,,,,,marcorg,,marc,751101,iso8601,19990522220422.0,525475,"Converted from MARCXML to MODS version 3.5 using MARC21slim2MODS3-5.xsl
				(Revision 1.107 2016/1/7)",,,,3.5,,,,marcfrequency,Monthly,,,,,,,,,,,,,,,,,,,PIT PITX,,Socialism,Periodicals,lcsh,,,,,,,,,,,,,,,,,,,,,,,,,,,,,,,,,,,,,,,,,,,,,,,,,,,,,,,,,,,,,,,,,,,,,,,,,,,international socialist,,,,,,,,,,,,,,,,,,,,,,,,,,,,,,,,,,,,,,,,,,,,,,,,,,,,,,,,,,,,,,,,,,,,,,,,,,,,,,,,,,,,,,,,,,,,,,,,,,
"I.S., International socialist",International socialist,alternative,International Socialists,corporate,text,marcgt,newspaper,,,,,code,marccountry,ohu,text,"Berkeley, Calif",,,International Socialist Pub. Co.,,1969-1970,marc,start,1969,marc,end,1970,serial,,,,,,iso639-2b,code,eng,marcform,microfilm,8 no. : ill. ; 44 cm.,date/sequential designation,No. 13 (Oct. 1969)-no. 20 (Jun. 1970),"""A revolutionary socialist monthly.""",reproduction,"Microfilm. Wooster, Ohio, Bell & Howell,  reel. 35 mm. (Underground newspaper collection)",,,,,,,,,,,,,,,,,,,,,,,,,,,,,,,,,,,,,,,,,,,,,,,,,,,,,,,,,,,,,,Underground newspaper collection,,,,,,,series,"I.S., International socialist",local,(OCoLC)1752454,,,,,otherFormat,"I.S., Independent socialist",local,(OCoLC)7219396,,,preceding,oclc,07219417,,,,,,,,,,,,,,,,,,marcorg,PIT,marc,810312,iso8601,19990522220422.0,548352,"Converted from MARCXML to MODS version 3.5 using MARC21slim2MODS3-5.xsl
				(Revision 1.107 2016/1/7)",,,,3.5,,,,,,,,,,,,,,,,,,,,,,,,PIT PIT2,,Socialism,Periodicals,lcsh,,,,,,Issued by the International Socialists.,,,,,,,,,,,,,,,,,,,,,,,,,,,,,,,,,,,,,,,,,,,,marcfrequency,Unknown,,,,,,,,,,,,Worker's power,issn,0019-0535,succeeding,,,,,,,,,,local,(OCoLC)7219463,,,,,,,,,,,,,,,,,,,,,,,,,,,,,,,,,,,,,,,,,,,,,,,,,,,,,,,,,,,,,,,,,,,,,,,,,,,,,,,,,,,,,,,,,,,,,,,,
Labor action,Labor act,abbreviated,Independent Socialist League,corporate,text,marcgt,periodical,,,,,code,marccountry,nyu,text,New York,,,"Labor Action Pub. Co., etc.]",,1940-58,marc,start,1940,marc,end,1958,serial,"Biweekly, July 29, 1957-Sept. 22, 1958","Weekly, May 20, 1940-",,,,iso639-2b,code,eng,marcform,print,19 v. ill. 55 cm.,date/sequential designation,"v. 4, no. 6-v. 22, no. 19; May 20, 1940-Sept. 22, 1958.","""A paper in the interests of labor.""",numbering,"Vol. 4, no. 6 preceded by a preview number called Special May Day ed.",,,,,,,,,,lcsh,,,,,,,,,,,,,,,,,,,,,,,,,,,,,,,,,,,,,,,,,,,,lcc,HX1 .L26,ddc,,335.05,,,,Labor action,local,(DLC)   74646856,,,,,otherVersion,Young Socialist challenge,,,,,,,preceding,,,,,,,issn,0094-6850,lccn,,44035230,oclc,01755394,,,,,,,,,,,,,marcorg,DLC,marc,751101,iso8601,19990522220422.0,525980,"Converted from MARCXML to MODS version 3.5 using MARC21slim2MODS3-5.xsl
				(Revision 1.107 2016/1/7)",,,,3.5,,Young People's Socialist League of America,corporate,,,,,,,Socialism,,,,,,,,,,marcfrequency,Biweekly,,,PIT PITT,,Socialism,Periodicals,lcsh,,,,,,"Organ of the Workers Party of the United States (later called the Independent Socialist League), 1940-Dec. 15, 1941.","Published by the National Council of the Young People's Socialist League of America, May-Sept. 1940.",,,,,,,,,,,,,,,,,,,,,,,,,,,,,,,,,,United States,,,,,,,,,,,,,,,,,,,,,,,,,,,,,,,,,,,,,(1940),code,marcgac,nyu,,,,,,,,,,,,,,,,,,,,,,,,,,,,,,,,,,,,,,,,,,,,,,,,,,,,,,,,,,,,,,,,,,,,,,,,,,,,,,,,,,,,,,,,,,,,
Leviathan,,,,,text,marcgt,periodical,,,,,code,marccountry,nyu,text,New York,,,"V. R.-Leviathan Publications, Inc.",,,marc,end,1970,,,,serial,Nine times yearly,,,,,iso639-2b,code,eng,marcform,print,,date/sequential designation,"v. 1, no. 1-    March, 1969-",,numbering,Includes an unnumbered broadside published as a farewell issue and distributed to subscribers in spring 1971.,,,,,,,,,,,,,,,,,,,,,,,,,,,,,,,,,,,,,,,,,,,,,,,,,,,,,,,,,,,,,,Viet-report,,,,,,,preceding,May,,,,,,,preceding,,,,,,,issn,0024-1563,oclc,,01587001,,,,,,,,,,,,,,,marcorg,MUL,marc,750901,iso8601,19990522220422.0,522328,"Converted from MARCXML to MODS version 3.5 using MARC21slim2MODS3-5.xsl
				(Revision 1.107 2016/1/7)",,,,3.5,,,,,,,,,,,,,,,,,marc,start,1969,,,date/sequential designation,"Ceased publication with v. 2, no. 4, fall 1970.",PIT PITX,,,,,,,,,,,,,,,,,,,,,,,,,,,,,,,,,,,,,,,,,,,,,,,,,,,,,,,,,,,,,,,,,,,,,,,,,,,,,,,,,,,,,,,,,,,,,,,,,,,,,,,,,,,,,,,,,,,,,,,,,,,,,,,,,,,,,,,,,,,,,,,,,,,,,,,,,,,,,,,,,,,,,,,,,,,,,,,,,
Leviathan,"Leviathan (New York, N.Y.)",uniform,,,text,marcgt,periodical,rdacontent,text,,Newspapers.,code,marccountry,cau,,,,,,,,marc,end,1970,,,,serial,Nine times yearly,,,,,iso639-2b,code,eng,marcform,electronic,,date/sequential designation,"Began with: Vol. 1, no. 1 (Mar. 1969); ceased with: v. 2, no. 4 (Fall, 1970).",Issues are alternately prepared by the New York or San Francisco staff.,numbering,"Vol. 1, no. 1, March 1969 preceded by an issue called: Prospectus dated February 3rd, 1969.",,,,,,,marcgac,n-us-ca,1969-1974,,Underground press publications,,lcsh,Radicalism,,Newspapers,lcsh,Political activists,,Newspapers,lcsh,Socialism,Newspapers,lcsh,Civil rights,,Newspapers,lcsh,Women's rights,,Newspapers,lcsh,Civil rights,,,Political activists,,,,Politics and government,,Radicalism,,Socialism,,Underground press publications,,Women's rights,,Politics and government,lcsh,California,,lcc,HX1,ddc,23,322.44,electronic resource,primary display,http://pitt.idm.oclc.org/login?url=http://voices.revealdigital.com/cgi-bin/independentvoices?a=cl&cl=CL1&ai=1&sp=BFIHAAB,"Leviathan (New York, N.Y.)",issn,0024-1563,local,(DLC)sn 96094996,local,(OCoLC)1587001,otherFormat,Viet-report,local,(OCoLC)1641656,,,,,preceding,May,,,,,preceding,issn,2469-7966,issn,yes,0024-1563,,,,,,,,,,,,,,rda,marcorg,UKAMD,marc,120419,iso8601,20180214093825.0,8828596,"Converted from MARCXML to MODS version 3.5 using MARC21slim2MODS3-5.xsl
				(Revision 1.107 2016/1/7)",iso639-2b,code,eng,3.5,,,,,,,,,,,,California,San Francisco,,United States,,marc,start,1969,,,,,,,,,,,,,,,,,,,,,,,,,,,,,,,,,,,,,,gmd,electronic resource,marccategory,electronic resource,marcsmd,remote,media,rdamedia,computer,carrier,rdacarrier,online resource,,,,Pitt users please click through to access via Independent Voices: 02/03/1969 to 09/30/1970,,,,Print version:,,,,,,,,,,,,,,,"Paper tiger (Boston, Mass.)",,,preceding,,,,,,,,,,,,,,,,text,"New York, New York :","V.R.--Leviathan Publications, Inc.,",1969-,publication,text,"San Francisco, Calif. :","[V.R.-Leviathan Publications, Inc.]",,publication,marcgac,n-us---,United States,United States,United States,United States,1969-1974,Newspapers,San Francisco,United States,,,,,,,,,,,,,,,,,,,,,,,,,,,,,,,,,,,,,,,,,,,,,,,,,,,,,,,,,,,,,,,,,,,,,,,,
Leviathan,"Leviathan (New York, N.Y.)",uniform,,,text,marcgt,periodical,,,,,code,marccountry,ohu,text,"New York, N.Y",,,"V. R.-Leviathan Publications, Inc.",,1969-1970,marc,start,1969,marc,end,1970,serial,,,,,,iso639-2b,code,eng,marcform,microfilm,2 v. : ill.,date/sequential designation,"Vol. 1, no. 1 (Mar. 1969)-v. 2, no. 4 (Fall 1970).",Imprint varies: New York and San Francisco.,reproduction,"Microfilm. Wooster, Ohio : Micro Photo Division, Bell & Howell.  microfilm reels ; 35 mm. (Underground newspaper collection)",,,,,,,,,,,,,,,,,,,,,,,,,,,,,,,,,,,,,,,,,,,,,,,,,,,,,,,,,,,,,,Leviathan,local,(OCoLC)1587001,,,,,otherFormat,Viet report,local,(OCoLC)3560925,,,,,preceding,May,,,,,preceding,oclc,08299771,,,,,,,,,,,,,,,,,,marcorg,PIT,marc,820401,iso8601,19990522220422.0,550015,"Converted from MARCXML to MODS version 3.5 using MARC21slim2MODS3-5.xsl
				(Revision 1.107 2016/1/7)",,,,3.5,,,,,,,,,,,,,,,,,,,,,,,,PIT PIT2,,Socialism,Periodicals,lcsh,,,,,,"Absorbed: Viet report, May, and Paper tiger.",,,,,,,,,,,,,,,,,,,,,,,gmd,microform,,,,,,,,,,,,,,,,,,,,marcfrequency,Unknown,,,,,,,,,,,,Paper tiger,,,preceding,Underground newspaper collection,,,series,,,,,,,,,,,,,,,,,,,,,,,,,,,,,,,,,,,,,,,,,,,,,,,,,,,,,,,,,,,,,,,,,,,,,,,,,,,,,,,,,,,,,,,,,,,,,,,,,,,,,,,
Militant,Militant,abbreviated,Socialist Workers Party,corporate,text,marcgt,newspaper,,,,,code,marccountry,nyu,text,New York,,,[Militant],,,marc,end,9999,,,,serial,"Weekly (except 2 weeks in Aug., last week of Dec., and 1st week of Jan.) <Oct. 9, 1981>-",Weekly,,,,iso639-2b,code,eng,marcform,print,v. : ill. ; 44-58 cm.,date/sequential designation,"Vol. 5, no. 5 (Feb. 1941)-","""A socialist newsweekly published in the interests of the working people.""",,,,,,,,,,,,lcsh,,,,,,,,,,,,,,,,,,,,,,,,,,,,,,,,,,,,,,,,,,,,,,,,,,,,Alternative press index,,,,,,,isReferencedBy,International Socialist review,,,,,,,constituent,World outlook,,,,,constituent,issn,0026-3885,lccn,,sn 78001604,oclc,02264193,,,,,,,,,,,,,marcorg,PIT,marc,760620,iso8601,19990522220422.0,535801,"Converted from MARCXML to MODS version 3.5 using MARC21slim2MODS3-5.xsl
				(Revision 1.107 2016/1/7)",,,,3.5,,,,,,"Includes supplements: International socialist review, and: World outlook.",,,,Socialism,,,,,,,marc,start,1941,marcfrequency,Weekly,,,PIT PITX,The,Socialism,Periodicals,lcsh,Periodicals,International Socialist review,uniform,,,"Official organ of the Socialist Workers Party, Feb.-Dec. 6, 1941.",,,,,part,,,,,,World outlook,uniform,,,,,,,,,,,,,,,,,,,,,,,United States,,,,,,,,,,,,,,,,,,,,,,Socialist appeal,,,preceding,"Intercontinental press (New York, N.Y. : 1985)",local,(OCoLC)13048403,preceding,,,,,,,,"(N.Y. N.Y., 1941)",,,,,,,,,,,,,,,,,,,,,,,,,United States,New York,New York,New York,,,,,,,,,,,,,,,,,,,,,,,,,,,,,,,,,,,,,,,,,,,,,,,,,,,,,,,,,,,,,,,,,,,
militant,Militant,abbreviated,Socialist Workers Party,corporate,text,marcgt,newspaper,rdacontent,text,,Newspapers.,code,marccountry,nyu,text,"New York, N.Y",,,Militant Pub. Co.,,1941-,marc,start,1941,marc,end,9999,serial,"Weekly (except 1 week in Dec., and biweekly mid June-mid Aug.), Nov. 22, 1993-","Weekly, Feb. 1, 1941-July 4, 1960","Weekly (except biweekly July-Aug.), July 11/18, 1960-May 24, 1968",,,iso639-2b,code,eng,marcform,electronic,,date/sequential designation,"Vol. 5, no. 5 (Feb. 1, 1941)-","""A Socialist newsweekly/Published in the interests of the working people.""",numbering,"Continues the numbering of Socialist appeal (New York, N.Y.).",language,"English and Spanish, June 2005-",,,"Absorbed Perspectiva mundial, and includes a section in Spanish with that title, <June 27, 2005>-Oct. 3, 2005; that section in Spanish is entitled El militante, Oct. 10, 2005-",,marcgac,n-us-ny,,lcsh,Socialism,Newspapers,lcsh,Working class,,Newspapers,lcsh,Socialism,,,,Working class,,,Pol√≠tica,,,,,,Newspapers,lcsh,,,,,New York (State),,,,,,,,,,,,,,,,,lcc,HX1 .M514,ddc,11,071,electronic resource,primary display,http://www.themilitant.com/,Perspectiva mundial,,,,,,,constituent,Militante,,,,,,,constituent,International Socialist review,issn,0020-8744,local,(DLC)sc 78000044,constituent,issn,0026-3885,issn-l,,0026-3885,stock number,"14 Charles Ln., New York, N.Y., 10014",,,,,,,,,,,,aacr,marcorg,PIT,marc,760620,iso8601,20181218090826.0,4836663,"Converted from MARCXML to MODS version 3.5 using MARC21slim2MODS3-5.xsl
				(Revision 1.107 2016/1/7)",iso639-2b,code,eng,3.5,,,,,,,,,,Socialism,,New York (State),,,,,,,,,,,,,The,,,,,Militante,alternative,,,,"Includes supplements: International socialist review, and: World outlook.",,Newspapers,,,local,(OCoLC)2262633,,,,"Militant (New York, N.Y. : 1941)",uniform,International Socialist review,uniform,World outlook,uniform,,,,,,,gmd,electronic resource,marccategory,electronic resource,marcsmd,remote,media,rdamedia,unmediated,carrier,rdacarrier,volume,,,,Pitt users please click through to access via Freely Accessible Journals: 1951 to present,,,,,yes,,,,,,,,,,,,,,World outlook,,,constituent,"Militant, a socialist newsweekly published in the interest of the working people",local,(DLC)   42047469,otherFormat,Militant,local,(OCoLC)17270789,otherFormat,,,,"(N.Y.N.Y., 1941)",,,,,,,,,,,,,,,,,,New York (N.Y.),,,,,,,,,,,Perspectiva mundial,uniform,"Weekly, May 31, 1968-Jan. 23, 1981","Frequency varies, 1981-Nov. 15, 1993",marcfrequency,Weekly,iso639-2b,code,spa,New York (State),New York,United States,New York,New York,New York,local,(OCoLC)17270071,Microfilm version:,Microfilm version:,"Socialist appeal (New York, N.Y.)",local,(DLC)sn 99060945,local,(OCoLC)19019580,preceding,"Intercontinental press (New York, N.Y. : 1985)",local,(OCoLC)13048403,preceding,Perspectiva mundial,local,(DLC)   77646908,local,(OCoLC)3143037,preceding,,,,,,,,,,,,,,,,,,,,,,,,,,,,,,,,
Moving on,Mov. on,abbreviated,New American Movement (Organization),corporate,text,marcgt,periodical,,,,,code,marccountry,ilu,text,Chicago,,,"New American Movement,]",,1977-1982,marc,start,1977,marc,end,1982,serial,"Bimonthly <, Apr./May 1980->",Monthly (except Jan. and Aug.) <Mar. 1979->,,,,iso639-2b,code,eng,marcform,print,v. : ill. ; 28 cm.,date/sequential designation,"Vol. 1 (Mar. 1977)-v. 5, no. 5 (Mar. 1982).","""Magazine of the New American Movement.""",,,,,,,,,,,,,,,,,,,,,,,,,,,,,,,,,,,,,,,,,,,,,,,,,,,,,,,,,,,,,,,,New American movement,issn,0730-5656,local,(OCoLC)7655227,local,(DLC)sc 81003032,preceding,,,,,,,,,,,,,,,issn,0164-4874,lccn,,sc 81005027,lccn,sn 79000189,oclc,04755506,,,,,,,,,,aacr,marcorg,NSD,marc,790319,iso8601,20121206182907.0,544522,"Converted from MARCXML to MODS version 3.5 using MARC21slim2MODS3-5.xsl
				(Revision 1.107 2016/1/7)",,,,3.5,,New American Research Institute,corporate,,,Vols. for <Mar. 1979-> issued by New American Research Institute; <Apr./May 1980-> by New American Movement.,,,,,,,,,,,,,,marcfrequency,Bimonthly,,,,,,,,,,,,,"Replaces: New American movement, the newspaper of NAM.","Relationship to Moving on (Minneapolis, Minn.) is unknown.",,,,,,,,yes,,,,,,,,,,,,,,,,,,,,,,,,,,,,,,,,,,,,,,,,,,,,,,,,,,,,,,,,,,,,,,,(Chicago),,,,,,,,,,,,,,,,,,,,,,,,,,,,,,,,,,,,,,,,,,,,,,,,,,,,,,,,,,,,,,,,,,,,,,,,,,,,,,,,,,,,,,,,,,,,,,,
Moving on,"Moving on (Chicago, Ill.)",uniform,New American Movement (Organization),corporate,text,marcgt,periodical,rdacontent,text,,,code,marccountry,ilu,,,,,,,,marc,end,1982,,,,serial,"Bimonthly, Aug./Sept. 1979-","Monthly (except Aug. and Jan.), 1977-July 1979",,,,iso639-2b,code,eng,marccategory,electronic resource,1 online resource (5 volumes) : illustrations.,date/sequential designation,"Vol. 1, no. 1 (Mar. 1977)-v. 5, no. 5 (Mar. 1982).",Magazine/Journal.,,,numbering,"Issue for Sept. 1977 misnumbered v. 1, no. 5.",,,,,marcgac,n-us---,,lcsh,Democracy,Periodicals,lcsh,Politics and government,1977-1981,Periodicals,lcsh,Social conditions,1960-1980,Periodicals,lcsh,,,,,,,,,,,,,,,,,,,,,,,,,,,,,,,,,,,,,,electronic resource,primary display,http://pitt.idm.oclc.org/login?url=http://link.galegroup.com/apps/pub/9FZQ/AHSI?sid=gale_marc&u=upitt_main,"Archives of Sexuality & Gender: LGBTQ History and Culture Since 1940, Part II",,,,,,,series,,,,,,,,,,,,,,,oclc,1024052455,,,,,,,,,,,,,,,,,rda,marcorg,MIGCL,marc,060509,iso8601,20180731084221.0,9264225,"Converted from MARCXML to MODS version 3.5 using MARC21slim2MODS3-5.xsl
				(Revision 1.107 2016/1/7)",iso639-2b,code,eng,3.5,,New American Research Institute,corporate,,,Reproduction of the originals from Duke University Library.,,,,Socialism,,United States,,,United States,,marc,start,1977,marcfrequency,Bimonthly,,,,,,,,,,,,,,Issued Oct. 1977-Aug./Sept. 1979 by the New American Research Institute.,,Periodicals,,,,,,,,,,,,,,,,,,,,marcsmd,remote,rdamedia,computer,rdacarrier,online resource,,,,,,,United States,,,Pitt users please click through for access via Gale Cengage,,,,,,,,,,,,,,,,,,,,,,,,,,,,,,,,,,,,,,text,"Chicago, IL :","New American Movement,",1977-1982.,publication,,,,,,,,United States,,,,,,,,,,,,,,,,,,,,,,,,,,,,,,,,,,,,,,,,,,,,,,,,text,issuing body.,text,issuing body.,media,carrier,,,,,,,,,,,,,,,,,,,,,,,,,,
Moving on,"Moving on (Minneapolis, Minn.)",uniform,New American Movement (Organization),corporate,text,marcgt,periodical,,,,,code,marccountry,ilu,text,"Minneapolis, Minn",,,The Movement,,,marc,end,197u,,,,serial,"3 no. a year, <1975->","Monthly, <1974->",,,,iso639-2b,code,eng,marcform,print,v. : ill. ; 28 cm.,statement of responsibility,New American Movement.,"Published: Chicago, Ill., <1975->",,,numbering,Issues for <1975-> have seasonal designation.,,,,,marcgac,n-us---,,lcsh,Socialism,,lcsh,Socialists,,,lcsh,,,,,,,,,,,,,,,,,,,,,,,,,,,,,,,,,,,,,lcc,HX1 .M68,,,,,,,,,,,,,,,,,,,,,,,,,,,,,lccn,sn 92037620,oclc,,26835510,,,,,,,,,,,,,,aacr,marcorg,PIT,marc,921022,iso8601,19990522225058.0,1200674,"Converted from MARCXML to MODS version 3.5 using MARC21slim2MODS3-5.xsl
				(Revision 1.107 2016/1/7)",,,,3.5,,,,,,Description based on: Apr. 1974; title from caption.,New American Movement (Organization),,corporate,Periodicals,Periodicals,,,Periodicals,,,marc,start,197u,marcfrequency,Three times a year,,,,,,,,,,,,,,"Relationship with Moving on, published in Chicago 1977-1982 is unknown.",,,,,,,,,,,,,,,,00,,,,,,,,,,,,,,,,,,,,,,,,,,,,,,,,,,,,,,,,,,,,,,,,,,,,,,,,,,,,,,,,,,,,,,,,,,,,,,,,,,,,,,,,,,,,,,,,,,,,,,,,,,,,,,,,,,,,,,,,,,,,,,,,,,,,,,,,,,,,,,,,,,,,,,
New American movement,New Am. mov,abbreviated,,,text,marcgt,periodical,,,,,code,marccountry,cau,text,San Francisco,,,New American Movement Newspaper],,1971-1976,marc,start,1971,marc,end,1976,serial,Monthly,,,,,iso639-2b,code,eng,marcform,print,v. : ill. ; 44 cm.,date/sequential designation,"-v. 6, no. 4 (Dec. 1976).",,,,,,,,,,,,,,,,,,,,,,,,,,,,,,,,,,,,,,,,,,,,,,,,,,,,,,,,,,,,,,,,,Moving on,issn,0164-4874,local,(DLC)sc 81005027,local,(OCoLC)4755506,succeeding,,,,,,,,,,,,,,,issn,0730-5656,lccn,,sc 81003032,oclc,07655227,,,,,,,,,,,,aacr,marcorg,CLU,marc,810810,iso8601,19990522225058.0,1200843,"Converted from MARCXML to MODS version 3.5 using MARC21slim2MODS3-5.xsl
				(Revision 1.107 2016/1/7)",,,,3.5,,,,marcfrequency,Monthly,Caption title.,,,,,,,,,,,,,,,,date/sequential designation,Began Sept./Oct. 1971. Cf. New serial titles.,,,,,,,,,,,Place of publication varies.,"Description based on: Vol. 4, no. 1 (Sept. 1974)",,,,,,,,,,,,,,,,,,,,,,,,,,,,,,,,,,,,,,,,,,,,,,,,,,,,,,,,,,,,,,,,,,,,,,,,,,,,,,,,,,,,,,,,,,,,,,,,,,,,,,,,,,,,,,,,,,,,,,,,,,,,,,,,,,,,,,,,,,,,,,,,,,,,,,,,,,,,,,,,,,,,,,
New American movement,Pittsburgh Chapter newsletter,alternative,New American Movement (Organization),corporate,text,marcgt,periodical,,,,,code,marccountry,pau,text,"Pittsburgh, Pa",,,The Chapter,,-1982,marc,start,19uu,marc,end,1982,serial,"Bimonthly, May-June 1979-May-June 1982","Monthly, Jan. 1973-<Mar. 1974>","Bimonthly, <May-June 1974>-Sept.-Oct. 1975",,,iso639-2b,code,eng,marcform,print,v. : ill. ; 28 cm.,date/sequential designation,"-v. 10, no. 3 (May-June 1982).",Description based on: Jan. 1973; title from caption.,numbering,"Issues for Feb. 1976-May-June 1982 called also v. 4, no. 1-v. 10, no. 3.",,,,,,,marcgac,n-us-pa,,lcsh,Socialism,,lcsh,Socialists,,,lcsh,,,,,,,,,,,,,,,,,,,,,,,,,,,,,,,,,,,,,lcc,HX1 .N483,,,,,,,Democratic Socialists of America.  Pittsburgh Local newsletter,local,(OCoLC)26835416,local,(DLC)sn 92037613,,,succeeding,,,,,,,,,,,,,,,lccn,sn 92037612,oclc,,26835391,,,,,,,,,,,,,,aacr,marcorg,PIT,marc,921022,iso8601,19990522225058.0,1200677,"Converted from MARCXML to MODS version 3.5 using MARC21slim2MODS3-5.xsl
				(Revision 1.107 2016/1/7)",,,,3.5,Pittsburgh Chapter.,,,,,,New American Movement (Organization).,Pittsburgh Chapter,corporate,Periodicals,Periodicals,Pennsylvania,Pittsburgh,Periodicals,Pennsylvania,Pittsburgh,,,,,,,,,,,,,,,,,,,,,,,,,,,,Pittsburgh Chapter newsletter,,,,,,,,,,,,,,,,,,,,,,,,,,,,,,,,,,,,,,,,,,,,,,,,,,,,,,,,,,,,,,,,,,,,,,,,,,,,,,,,,,,,,,,,,,,,,"Monthly, <Dec. 1975>-Apr. 1979",,,,,,,,,,,,,,,,,,,,,,,,,,,,,,,,,,,,,,,marcfrequency,Bimonthly,,,,,,,,,,,,,,,,,,,,,,,,
new leader,New lead,abbreviated,American Labor Conference on International Affairs,corporate,text,marcgt,periodical,,,,,code,marccountry,nyu,text,"New York, N.Y",,,New Leader Pub. Association,,1935-c2006,marc,start,1935,marc,end,2006,serial,"Bimonthy (except Jan./Feb.), 2000-2006","Frequency varies, 1935-1999",,,,iso639-2b,code,eng,marcform,print,v. : ill. ; 41-57 cm.,date/sequential designation,"Vol. 18, no. 12 (Mar. 23, 1935)-v. 89, no. 1/2 (Jan./Apr. 2006).","The words ""with which is combined the American Appeal"" appear in a small box in the caption on issues from Mar. 23-Oct. 19, 1935.",numbering,Some no. issued in combined form.,additional physical form,Available on microfilm from University Microfilms and New York Public Library.,additional physical form,Published online beginning with Jan./Feb. 2007.,"Organ of: Social Democratic Federation, Jan. 1, 1944-June 29, 1946; issued by: American Labor Conference on International Affairs, <Sept. 27, 1976- >.","1950-1952, in 1952.",,,,,,,,,,,,,,,,,,,,,,,,,,,,,,,,,,,,,,,,,,,,,,,,lcc,HX3 .N35,ddc,11,320,electronic resource,primary display,http://pitt.idm.oclc.org/login?url=http://www.thenewleader.com/,"New Leader (New York, N.Y. : 1935)",local,(DLC)sn 91020547,local,(OCoLC)9279802,,,otherFormat,"New Leader (New York, N.Y. : 1935)",local,(OCoLC)7434111,,,,,otherFormat,"New leader (New York, N.Y. : 1935 : Online)",issn,1937-2205,local,(DLC)  2007247597,otherFormat,issn,0028-6044,lccn,,sn 78001721,oclc,ocm01643783,oclc,1643783,stock number,,"American Labor Conference on International Affairs, 275 Seventh Ave., N.Y., N.Y. 10001",,,,,,,aacr,marcorg,MUL,marc,750921,iso8601,20120902230201.0,524059,"Converted from MARCXML to MODS version 3.5 using MARC21slim2MODS3-5.xsl
				(Revision 1.107 2016/1/7)",,,,3.5,,Social Democratic Federation of America,corporate,,,,,,,,,,,,,,,,,marcfrequency,Bimonthly,,,,The,Socialism,,lcsh,,NL <Mar./Apr. 2000- >,alternative,,,,,Periodicals,,,,local,(OCoLC)86075989,,,,"New leader (New York, N.Y. : 1935)",uniform,,,,,,,,,,,,,,,,,,,,,,,,,,,,,,,,,,,,,,,,,,,,,New leader with which is combined the American appeal,local,(DLC)sn 86077201,preceding,Russian affairs,local,(OCoLC)1715802,preceding,"New leader (New York, N.Y. : 1935 : Online)",issn,1937-2205,succeeding,,local,(OCoLC)8575605,(N.Y.N.Y.),,,,,,,,,,,,,,,,,,,,,,,,,,,,,,,,,,,,,,,,,,,,,,,,,,,,,,,,,,,,,,,,,,,,,,,,local,(DLC)  2007247597,local,(OCoLC)86075989,,,,,,,,,,,,,,,,,,,,
new leader,NL,alternative,American Labor Conference on International Affairs,corporate,text,marcgt,periodical,rdacontent,text,,Periodicals.,code,marccountry,nyu,text,"New York, N.Y",,,American Labor Conference on International Affairs,,,marc,end,2010,,,,serial,Bimonthly,,,,,iso639-2b,code,eng,marcform,electronic,,date/sequential designation,"Began with vol. 18, no. 12 (Mar. 23, 1935); ceased with vol. 93, nos. 3-4 (May/June-July/Aug. 2010).",Issues prior to 2007 not yet available online.,system details,Mode of access: World Wide Web.,,,,,,,,,,,,,,,,,,,,,,,,,,,,,,,,,,,,,,,,,,,,,,,,,,,,,,lcc,HX1,lcc,,AP2,electronic resource,primary display,http://pitt.idm.oclc.org/login?url=http://link.galegroup.com/apps/pub/1376/AONE?sid=kbart?&u=upitt_main,"New leader (New York, N.Y. : 1935)",issn,0028-6044,local,(DLC)sn 78001721,local,(OCoLC)1643783,otherFormat,"New leader (New York, N.Y. : 1935)",issn,0028-6044,local,(DLC)sn 78001721,local,(OCoLC)1643783,preceding,,,,,,,issn,1937-2205,issn,yes,0028-6044,issn-l,0028-6044,stock number,"American Labor Conference on International Affairs, 535 West 114th St, New York, NY 10027",,,,,,,,,,aacr,marcorg,FXG,marc,750921,iso8601,20190513112322.0,4184570,"Converted from MARCXML to MODS version 3.5 using MARC21slim2MODS3-5.xsl
				(Revision 1.107 2016/1/7)",iso639-2b,code,eng,3.5,,EBSCO Publishing (Firm),corporate,marcfrequency,Bimonthly,,,,,Socialism,,,,,,,marc,start,1935,,,,,,The,Socialism,,lcsh,,"New leader (New York, N.Y. : 1935 : Online)",uniform,Thomson Gale (Firm),corporate,,,Periodicals,,,,,,,,,,,,,,,,,,,,Electronic journals.,gmd,electronic resource,marccategory,electronic resource,marcsmd,remote,media,rdamedia,computer,carrier,rdacarrier,online resource,,ddc,320,Pitt users please click through to access via Academic OneFile: 05/01/1985 to 01/31/2006,electronic resource,Pitt users please click through to access via Business Insights: Global: 05/01/1985 to 01/31/2006,http://pitt.idm.oclc.org/login?url=http://link.galegroup.com/apps/pub/1376/BIG?sid=kbart?&u=upitt_main,Print version:,,,,,,,,,,,,,,,,,,,,,,,,,,,,,,,,,,,,,,,,,,,,,,,,,,,,,,,,,,,,,,,,,,,,,,,,,,,,,,,,,,,,,,,,,,,,,,,,,,,,,,,,,,11,electronic resource,Pitt users please click through to access via Academic Search Premier: 01/13/1992 to 05/31/2010,http://pitt.idm.oclc.org/login?url=https://search.ebscohost.com/direct.asp?db=aph&jid=NLL&scope=site,electronic resource,Pitt users please click through to access via Business Source Complete: 01/13/1992 to 05/31/2010,http://pitt.idm.oclc.org/login?url=https://search.ebscohost.com/direct.asp?db=bth&jid=NLL&scope=site,,,,,,,,,,,,,
Weekly people,,,Socialist Labor Party,corporate,text,marcgt,newspaper,,,,,code,marccountry,cau,text,"Palo Alto, Calif. [etc.]",,,Socialist Labor Party.,,,marc,end,1979,,,,serial,Weekly (except last Sat. in July and first Sat. in Aug.) 1979-,Weekly (except second and third Saturdays in June) 19  -79,,,,iso639-2b,code,eng,marcform,print,v. ill.,,,,,,,,,,,,,,,,,,,,,,,,,,,,,,,,,,,,,,,,,,,,,,,,,,,,,,,,,,,,,,,,,,,People,issn,0199-350X,,,,,succeeding,,,,,,,,,,,,,,,issn,0043-1885,lccn,,sn 78000229,oclc,01695617,,,,,,,,,,,,,marcorg,,marc,751012,iso8601,19990522220422.0,524563,"Converted from MARCXML to MODS version 3.5 using MARC21slim2MODS3-5.xsl
				(Revision 1.107 2016/1/7)",,,,3.5,,,,,,,,,,,,,,,,,marc,start,1900,marcfrequency,Weekly,,,PIT PITT,,Socialism,Periodicals,lcsh,,,,,,,,,,,,,,,,,,,,,,,,,,,,,,,,,,,,,,,,,,,,,,,,,,,,,,,,,,,,,,,,,,,,,,,,,,,,,,,,,,,,,,,,,,,,,,,,,,,,,,,,,,,,,,,,,,,,,,,,,,,,,,,,,,,,,,,,,,,,,,,,,,,,,,,,,,,,,,,,,,,,,,,,,,,,,
people,People (Palo Alto : 1979 : Online),uniform,Socialist Labor Party,corporate,text,marcgt,newspaper,rdacontent,text,,Newspapers.,code,marccountry,cau,text,"Palo Alto, CA",,,Socialist Labor Party,,1979-,marc,start,1979,marc,end,9999,serial,Bimonthly,,,,,iso639-2b,code,eng,marcform,electronic,,date/sequential designation,"Print began with vol. 89, no. 34 (Dec. 15, 1979).",Title from masthead.,,,numbering,"Publication suspended following the July 2002 (v. 112, no. 4) issue. Resumed <2003>",system details,Mode of access: World Wide Web.,,,marcgac,n-us-ca,,lcsh,Labor movement,Newspapers,lcsh,Labor movement,,,,Socialism,,,,,Newspapers,lcsh,,,Newspapers,lcsh,,,,,,,,,United States,,,,,,,,,,,,,,,,,lcc,HX1 .W38,ddc,14,335,electronic resource,primary display,http://www.slp.org/tp.htm#anchor185654,,local,(DLC)sf 92094681,local,(OCoLC)25956226,,,otherFormat,People (Palo Alto : 1979),issn,0199-350X,local,(DLC)  8000647978,local,(OCoLC)5809590,otherFormat,Weekly people,issn,0043-1885,local,(OCoLC)1695617,preceding,issn,1938-3495,issn,yes,0199-350X,issn-l,0199-350X,stock number,"The People, P.O.Box 218, Mountain View, CA 94042",,,,,,,,,,aacr,marcorg,CUD,marc,791218,iso8601,20190513112523.0,4767639,"Converted from MARCXML to MODS version 3.5 using MARC21slim2MODS3-5.xsl
				(Revision 1.107 2016/1/7)",iso639-2b,code,eng,3.5,,,,marcfrequency,Bimonthly,"Issues for <Aug. 26, 1995-> published: Sunnyvale, CA; <July 2002-> published: Mountain View, CA; <Sept./Oct. 2003-> San Jose, CA.",,,,Socialism,,United States,,,,,,,,,,,,,The,,,,,,,,,,,,Newspapers,,,,,,,,,,,,,,,,,,,Periodicals.,gmd,electronic resource,marccategory,electronic resource,marcsmd,remote,media,rdamedia,computer,carrier,rdacarrier,online resource,,ddc,335/.005,Pitt users please click through to access via Freely Accessible General Interest Journals: 12/01/1999 to present,,,,,,,,,,,,,,,,,,,,,,,,,,,,,,,,,,,,,,,,,,,,,,,,marcgac,n-us---,,Santa Clara County (Calif.),California,,,,,,,,,,,,,,,,,,,,California,,United States,California,Santa Clara,Palo Alto,,,,,,,,,,,,,,,,,,,,,,,,,,,,,,,,,,,,,,,,,Electronic journals.,San Jose (Calif.),San Jose,Santa Clara County,United States,California,Santa Clara,San Jose,"Washington, D.C. : Library of Congress Photoduplication Service",Print version:,,
Weekly people,,,Socialist Labor Party,corporate,text,marcgt,newspaper,,,,,code,marccountry,cau,text,"Palo Alto, Calif. [etc.]",,,Socialist Labor Party.,,,marc,end,1979,,,,serial,Weekly (except last Sat. in July and first Sat. in Aug.) 1979-,Weekly (except second and third Saturdays in June) 19  -79,,,,iso639-2b,code,eng,marcform,print,v. ill.,,,,,,,,,,,,,,,,,,,,,,,,,,,,,,,,,,,,,,,,,,,,,,,,,,,,,,,,,,,,,,,,,,,People,issn,0199-350X,,,,,succeeding,,,,,,,,,,,,,,,issn,0043-1885,lccn,,sn 78000229,oclc,01695617,,,,,,,,,,,,,marcorg,,marc,751012,iso8601,19990522220422.0,524563,"Converted from MARCXML to MODS version 3.5 using MARC21slim2MODS3-5.xsl
				(Revision 1.107 2016/1/7)",,,,3.5,,,,,,,,,,,,,,,,,marc,start,1900,marcfrequency,Weekly,,,PIT PITT,,Socialism,Periodicals,lcsh,,,,,,,,,,,,,,,,,,,,,,,,,,,,,,,,,,,,,,,,,,,,,,,,,,,,,,,,,,,,,,,,,,,,,,,,,,,,,,,,,,,,,,,,,,,,,,,,,,,,,,,,,,,,,,,,,,,,,,,,,,,,,,,,,,,,,,,,,,,,,,,,,,,,,,,,,,,,,,,,,,,,,,,,,,,,,
Workers' advocate,Work. advocate,abbreviated,"Marxist-Leninist Party, USA",corporate,text,marcgt,periodical,,,,,code,marccountry,ilu,text,"Chicago, IL",,,Marxist-Leninist Publications,,,marc,end,9999,,,,serial,,,,,,iso639-2b,code,eng,marcform,print,,,,"Description based on: Vol. 11, no. 2 (Feb. 25, 1981).",,,,,,,,,,,,,,,,,,,,,,,,,,,,,,,,,,,,,,,,,,,,,,,,,,,,,,,,lcc,Discard,,,,,,,Estandarte obrero,issn,0276-4954,,,,,constituent,Workers' advocate supplement,issn,0882-6366,,,,,constituent,,,,,,,issn,0276-363X,lccn,,sn 81004250,oclc,07353726,,,,,,,,,,,,aacr,marcorg,NSD,marc,810421,iso8601,20121114185024.0,430423,"Converted from MARCXML to MODS version 3.5 using MARC21slim2MODS3-5.xsl
				(Revision 1.107 2016/1/7)",,,,3.5,,,,,,,,,,,,,,,,,marc,start,19uu,,,,,,The,,,,,,,,,,,,,,,,,,,,,,,,,,,,,,,,,,,,,,,,,,,,,,,,,,,,,marcfrequency,Unknown,,,,,,,,,,,,,,,,,,,,,,,,voice of the Marxist-Leninist Party of the USA,,,,,,,,,,,,,,,,,,,,,,,,,,,,,,,,,,,,,,,,,,,,,,,,,,,,,,,,,,,,,,,,,,,,,,,,,,,,,,,,,,,,,,,,,,,,,,,,,Caption title.,
Workers' power,,,International Socialists (U.S.),corporate,text,marcgt,periodical,,,,,code,marccountry,miu,text,"Highland Park, Mich",,,International Socialist Pub. Co.,,c1970-c1978,marc,start,1970,marc,end,1978,serial,"Weekly, except the first two weeks in July and the last two weeks in Dec.","Bi-weekly, except semi-monthly in Dec. and monthly in July and Aug.",,,,iso639-2b,code,eng,marcform,print,246 no. ill. 44 cm.,date/sequential designation,"no. 21-267; Sept. 11/24, 1970-Oct. 26/Nov. 8, 1978.",Supplements accompany some issues.,,,,,,,,,,,,lcsh,,,,,,,,,,,,,,,,,,,,,,,,,,,,,,,,,,,,,,,,,,,,ddc,321,,,,,,,I.S,local,(OCoLC)1752454,,,,,preceding,Changes socialist monthly,issn,0194-8350,local,(DLC)   83640167,local,(OCoLC)4814085,succeeding,,,,,,,issn,0019-0535,lccn,,sn 86016176,oclc,01770108,,,,,,,,,,,,,marcorg,,marc,751101,iso8601,20070406073930.0,528051,"Converted from MARCXML to MODS version 3.5 using MARC21slim2MODS3-5.xsl
				(Revision 1.107 2016/1/7)",,,,3.5,,,,,,,,,,Labor movement,,,,,,,,,,marcfrequency,Weekly,,,,,Socialism,Periodicals,lcsh,Periodicals,,,,,,,,,,,,,,,,,,,,,,,,,,,,,,,,,,,,,,,,,,,,,,,,,,,,,,,,,,,,,,,,,,,,,,,,,,,,,,,,,,,,,,,,,,,,,,,,,,,,,,,,,,,,,,,,,,,,,,,,,,,,,,,,,,,,,,,,,,,,,,,,,,,,,,,,,,,,,,,,,,,,,,,,,,,,
Workers' power,,,,,text,marcgt,newspaper,,,,,code,marccountry,ohu,text,"Highland Park, Mich",,,International Socialist Publishing Co.,,1970-1978,marc,start,1970,marc,end,1978,serial,"Weekly, except the first two weeks in July and the last two weeks in December","Bi-weekly, except semi-monthly in December and monthly in July and August",,,,iso639-2b,code,eng,marcform,microfilm,246 no. : ill. ; 44 cm.,date/sequential designation,"No. 21 (Sept. 11/24, 1970)-no. 267 (Oct. 26/Nov. 8, 1978)",,,,,,,,,,,,,,,,,,,,,,,,,,,,,,,,,,,,,,,,,,,,,,,,,,,,,,,,,,,,,,,,,Underground newspaper collection,,,,,,,series,Workers' power,local,(OCoLC)1770108,,,,,otherFormat,"I.S., International socialist",local,(OCoLC)7219417,,,preceding,issn,0019-0535,oclc,,07219463,,,,,,,,,,,,,,,marcorg,PIT,marc,810312,iso8601,19990522220422.0,548354,"Converted from MARCXML to MODS version 3.5 using MARC21slim2MODS3-5.xsl
				(Revision 1.107 2016/1/7)",,,,3.5,,,,,,,,,,,,,,,,,,,,marcfrequency,Unknown,reproduction,"Microfilm. Wooster, Ohio, Bell & Howell,  reels. 35 mm. (Underground newspaper collection)",PIT PIT2,,Socialism,Periodicals,lcsh,,,,,,,,,,,,,,,,,,,,,,,,,,,,,,,,,,,,,,,,,,,,,,,,,,,,,,,,,,,,,,,Socialist monthly changes,,,succeeding,,,,,,,,,,,,,,,,,,,,,,,,,,,,,,,,,,,,,,,,,,,,,,,,,,,,,,,,,,,,,,,,,,,,,,,,,,,,,,,,,,,,,,,,,,,,,,,,,,,,,,,,,,,
Workers viewpoint,"Workers viewpoint (New York, N.Y. : 1980)",uniform,Communist Workers Party (U.S.),corporate,text,marcgt,periodical,,,,,code,marccountry,nyu,text,"New York, N.Y",,,Workers Viewpoint,,-1984,marc,start,19uu,marc,end,1984,serial,Weekly,,,,,iso639-2b,code,eng,marcform,print,v. : ill. ; 28 cm.,date/sequential designation,"-v. 9, no. 17 (July 4-17, 1984).","Description based on: Vol. 5, no. 25 (July 14-21, 1980).",,,additional physical form,Available in microfilm from the State Historical Society ofWisconsin.,,,,,,,1945-1989,lcsh,,,,,,,,,,,,,,,,,,,,,,,,,,,,,,,,,,,,,,,,,,,,,,,,,,,,,,,,,,,,,,,,,,,,,,,,,,oclc,08791876,,,,,,,,,,,,,,,,,aacr,marcorg,WIH,marc,820921,iso8601,20130307095957.0,430422,"Converted from MARCXML to MODS version 3.5 using MARC21slim2MODS3-5.xsl
				(Revision 1.107 2016/1/7)",,,,3.5,,,,marcfrequency,Weekly,"""Political organ of the Communist Workers Party, U.S.A.""",,,,Politics and government,,,,,,,,,,,,,,,,Communism,Periodicals,lcsh,Periodicals,,,,,,,,,,,,,,,,,,,,,,,,,,,,,,,,,,,,,,,,United States,,,,,,,,,,,,,,,,,,,,,,,,,,,,,,,,,,,,,,,,,,,,,,,,,,,,,,,,,,,,,,,,,,,,,,,,,,,,,,,,,,,,,,,,,,,,,,,,,,,,,,,,,,,,,,,,,,,,,,,,,,,,,,,,,,,,1945-
