titleInfo/0/nonSort,titleInfo/0/title,titleInfo/1/title,titleInfo/1/subTitle,titleInfo/1/_type,titleInfo/2/title,titleInfo/2/_type,titleInfo/3/title,titleInfo/3/_type,typeOfResource,genre/0/_authority,genre/0/__text,genre/1/_authority,genre/1/__text,originInfo/0/place/0/placeTerm/_type,originInfo/0/place/0/placeTerm/_authority,originInfo/0/place/0/placeTerm/__text,originInfo/0/place/1/placeTerm/_type,originInfo/0/place/1/placeTerm/__text,originInfo/0/place/2/placeTerm/_type,originInfo/0/place/2/placeTerm/__text,originInfo/0/publisher/0,originInfo/0/publisher/1,originInfo/0/dateIssued/0/_encoding,originInfo/0/dateIssued/0/_point,originInfo/0/dateIssued/0/__text,originInfo/0/dateIssued/1/_encoding,originInfo/0/dateIssued/1/_point,originInfo/0/dateIssued/1/__text,originInfo/0/issuance,originInfo/0/frequency/0,originInfo/0/frequency/1,originInfo/0/frequency/2/_authority,originInfo/0/frequency/2/__text,language/languageTerm/_authority,language/languageTerm/_type,language/languageTerm/__text,physicalDescription/form/0/_authority,physicalDescription/form/0/__text,physicalDescription/extent,note/0/_type,note/0/__text,note/1,note/2,note/3,note/4,note/5,note/6,subject/0/geographicCode/0/_authority,subject/0/geographicCode/0/__text,subject/1/topic/0,subject/1/geographic/0,subject/1/genre/0,subject/1/_authority,subject/2/topic/0,subject/2/geographic/0,subject/2/genre/0,subject/2/_authority,subject/3/topic/0,subject/3/_authority,classification/0/_authority,classification/0/__text,classification/1/_authority,classification/1/__text,location/0/url/_displayLabel,location/0/url/__text,relatedItem/0/titleInfo/0/title,relatedItem/0/identifier/0/_type,relatedItem/0/identifier/0/__text,relatedItem/0/identifier/1/_type,relatedItem/0/identifier/1/__text,relatedItem/0/identifier/2/_type,relatedItem/0/identifier/2/__text,relatedItem/0/_type,relatedItem/1/titleInfo/0/title,relatedItem/1/identifier/0/_type,relatedItem/1/identifier/0/__text,relatedItem/1/identifier/1/_type,relatedItem/1/identifier/1/__text,relatedItem/1/identifier/2/_type,relatedItem/1/identifier/2/__text,relatedItem/1/_type,relatedItem/1/_displayLabel,relatedItem/2/titleInfo/0/title,relatedItem/2/identifier/0/_type,relatedItem/2/identifier/0/__text,relatedItem/2/_type,relatedItem/2/_displayLabel,relatedItem/3/titleInfo/0/title,relatedItem/3/identifier/0/_type,relatedItem/3/identifier/0/__text,relatedItem/3/identifier/1/_type,relatedItem/3/identifier/1/__text,relatedItem/3/_type,relatedItem/4/location/0/url/_displayLabel,relatedItem/4/location/0/url/__text,identifier/0/_type,identifier/0/__text,identifier/1/_type,identifier/1/__text,identifier/2/_type,identifier/2/_invalid,identifier/2/__text,identifier/3/_type,identifier/3/__text,identifier/4/_type,identifier/4/__text,recordInfo/descriptionStandard,recordInfo/recordContentSource/_authority,recordInfo/recordContentSource/__text,recordInfo/recordCreationDate/_encoding,recordInfo/recordCreationDate/__text,recordInfo/recordChangeDate/_encoding,recordInfo/recordChangeDate/__text,recordInfo/recordIdentifier,recordInfo/recordOrigin,_version,titleInfo/0/subTitle,originInfo/0/frequency/0/_authority,originInfo/0/frequency/0/__text,location/0/physicalLocation,name/namePart/0,name/_type,subject/0/topic/0,subject/0/topic/1,subject/0/_authority,subject/1/topic/1,originInfo/0/frequency/1/_authority,originInfo/0/frequency/1/__text,note/0,subject/0/topic/2,subject/2/topic/1,subject/2/topic/2,subject/2/topic/3,classification/0/_edition,relatedItem/0/part/detail/number,relatedItem/0/part/detail/_type,originInfo/0/frequency/2,originInfo/0/frequency/3,originInfo/0/frequency/4/_authority,originInfo/0/frequency/4/__text,originInfo/1/place/0/placeTerm/_type,originInfo/1/place/0/placeTerm/__text,originInfo/1/publisher/0,originInfo/1/dateIssued/0,originInfo/1/_eventType,physicalDescription/form/1/_authority,physicalDescription/form/1/__text,physicalDescription/form/2/_type,physicalDescription/form/2/_authority,physicalDescription/form/2/__text,physicalDescription/form/3/_type,physicalDescription/form/3/_authority,physicalDescription/form/3/__text,note/4/_type,note/4/__text,subject/3/geographic/0,subject/3/genre/0,subject/4/geographic/0,subject/4/genre/0,subject/4/_authority,subject/5/geographic/0,subject/5/genre/0,subject/5/_authority,location/0/url/_usage,location/0/url/_note,location/1/url/_displayLabel,location/1/url/_note,location/1/url/__text,recordInfo/languageOfCataloging/languageTerm/_authority,recordInfo/languageOfCataloging/languageTerm/_type,recordInfo/languageOfCataloging/languageTerm/__text,note/3/_type,note/3/__text,subject/0/geographicCode/1/_authority,subject/0/geographicCode/1/__text,note/1/_type,note/1/__text,subject/3/topic/1,classification/1/_edition,relatedItem/1/originInfo/0/publisher/0,subject/0/geographic/0,subject/0/geographic/1,subject/1/geographic/1,originInfo/0/dateIssued/0,originInfo/0/dateIssued/2/_encoding,originInfo/0/dateIssued/2/_point,originInfo/0/dateIssued/2/__text,relatedItem/0/name/namePart/0,name/namePart/1/_type,name/namePart/1/__text,note/0/_altRepGroup,subject/3/topic/2,identifier/0/_invalid,subject/2/geographic/1,subject/0/name/namePart/0,subject/0/name/_type,name/role/roleTerm/_type,name/role/roleTerm/__text,genre/2/_authority,genre/2/__text,note/7/_type,note/7/__text,subject/1/name/namePart/0,subject/1/name/_type,subject/2/name/namePart/0,subject/2/name/_type,subject/4/topic/0,subject/5/topic/0,note/2/_type,note/2/__text,subject/4/topic/1,subject/4/topic/2,identifier/1/_invalid,note/5/_type,note/5/__text,subject/6/topic/0,subject/6/genre/0,subject/6/_authority,subject/7/topic/0,subject/7/genre/0,subject/7/_authority,subject/8/topic/0,subject/8/genre/0,subject/8/_authority,subject/9/topic/0,subject/9/genre/0,subject/9/_authority,subject/10/topic/0,subject/10/genre/0,subject/10/_authority,subject/0/genre/0,identifier/5/_type,identifier/5/__text,titleInfo/1/_displayLabel,genre/3/_authority,genre/3/__text,physicalDescription/form/1/_type,subject/4/geographic/1,relatedItem/0/originInfo/0/publisher/0,titleInfo/4/title,titleInfo/4/_type,titleInfo/5/title,titleInfo/5/_type,titleInfo/6/title,titleInfo/6/_type,titleInfo/7/title,titleInfo/7/_type,titleInfo/8/title,titleInfo/8/_type,titleInfo/9/title,titleInfo/9/subTitle,titleInfo/9/_type,subject/3/geographic/1,subject/5/geographic/1,subject/6/geographic/0,subject/6/geographic/1,subject/7/geographic/0,subject/7/geographic/1,subject/8/geographic/0,subject/8/geographic/1,subject/10/geographic/0,subject/10/geographic/1,subject/11/topic/0,subject/11/geographic/0,subject/11/geographic/1,subject/11/genre/0,subject/11/_authority,subject/12/geographic/0,subject/12/genre/0,subject/12/_authority,genre/4/_authority,genre/4/__text,originInfo/2/place/0/placeTerm/_type,originInfo/2/place/0/placeTerm/__text,originInfo/2/publisher/0,originInfo/2/dateIssued/0,originInfo/2/_eventType,originInfo/3/place/0/placeTerm/_type,originInfo/3/place/0/placeTerm/__text,originInfo/3/publisher/0,originInfo/3/dateIssued/0,originInfo/3/_eventType,relatedItem/0/_displayLabel,relatedItem/2/identifier/1/_type,relatedItem/2/identifier/1/__text,relatedItem/2/identifier/2/_type,relatedItem/2/identifier/2/__text,relatedItem/3/identifier/2/_type,relatedItem/3/identifier/2/__text,physicalDescription/form/4/_type,physicalDescription/form/4/_authority,physicalDescription/form/4/__text,physicalDescription/form/5/_type,physicalDescription/form/5/_authority,physicalDescription/form/5/__text
The,advocate,Advocate,(Los Angel. Calif.),abbreviated,"Advocate, the national gay lesbian newsmagazine",alternative,"Advocate (Los Angeles, Calif.)",uniform,text,marcgt,periodical,local,Online resources.,code,marccountry,cau,text,"Los Angeles, Calif",text,"Los Angeles, Calif",Liberation Publications.,Here Publishing Inc.,marc,start,1970,marc,end,2010,serial,"Monthly, Feb. 2009-","Biweekly, 1970-Jan. 13, 2009",marcfrequency,Monthly,iso639-2b,code,eng,marcform,print,v. : ill. ; 28-45 cm.,date/sequential designation,"Began with no. 33 (May 13-26, 1970).","Issue no. 33 (May 13-26, 1970)-no. 155 (Jan. 15, 1975) published by Advocate Publications; no. 156- by Liberation Publications.","Description based on: Issue 520 (Mar. 14, 1989); title from cover.",Latest issue consulted: Issue 1035  (Feb. 2010).,"Unnumbered special issue dated Apr. 30, 2000 has also title: Special commemorative issue: The Millenium March on Washington for Equality.","Beginning with issue 1035 (Feb. 2010)-   issued with: Out (New York, N.Y.).",1967-1982. 1 v.,marcgac,n-us---,Homosexuality,United States,Periodicals,lcsh,Gay liberation movement,United States,Periodicals,lcsh,Homoseksualiteit,gtt,lcc,HQ76.8.U5 A63,ddc,301.41/57/05,Abstracts and selected articles,http://bibpurl.oclc.org/web/626,Out traveler,issn,1548-5684,local,(DLC)  2003248957,local,(OCoLC)53129295,constituent,"Advocate (Los Angeles, Calif.)",issn,0001-8996,local,(DLC)  2004205871,local,(OCoLC)55520910,otherFormat,Microfilm version:,"Advocate (Los Angeles, Calif. : Online)",local,(OCoLC)60638931,otherFormat,Online version:,Los Angeles advocate,local,(DLC)   71220969,local,(OCoLC)2972005,preceding,Abstracts and selected articles,http://bibpurl.oclc.org/web/626,issn,0001-8996,lccn,72624007,lccn,yes,sn 84012011,oclc,ocm02256995,oclc,2256995,aacr,marcorg,DLC,marc,760620,iso8601,20120902230250.0,532510,"Converted from MARCXML to MODS version 3.5 using MARC21slim2MODS3-5.xsl
				(Revision 1.107 2016/1/7)",3.5,,,,,,,,,,,,,,,,,,,,,,,,,,,,,,,,,,,,,,,,,,,,,,,,,,,,,,,,,,,,,,,,,,,,,,,,,,,,,,,,,,,,,,,,,,,,,,,,,,,,,,,,,,,,,,,,,,,,,,,,,,,,,,,,,,,,,,,,,,,,,,,,,,,,,,,,,,,,,,,,,,,,,,,,,,,,,,,,,,,
,Agape And Action,,,,,,,,text,,,,,text,,"Berkeley, Calif",,,,,,,,,,,,,serial,,,,,iso639-2b,code,eng,marcform,print,,date/sequential designation,"No1,1970-",Monthly.,,,,,,,,,,,,,,,,,,,,,,,,,,,,,,,,,,,,,,,,,,,,,,,,,,,,,,oclc,02257030,,,,,,,,,,,marcorg,,marc,760620,iso8601,19990522220422.0,532530,"Converted from MARCXML to MODS version 3.5 using MARC21slim2MODS3-5.xsl
				(Revision 1.107 2016/1/7)",3.5,-newsletter Of The Radical Christian Committee Of Concern,marcfrequency,Completely irregular,PIT PITX,,,,,,,,,,,,,,,,,,,,,,,,,,,,,,,,,,,,,,,,,,,,,,,,,,,,,,,,,,,,,,,,,,,,,,,,,,,,,,,,,,,,,,,,,,,,,,,,,,,,,,,,,,,,,,,,,,,,,,,,,,,,,,,,,,,,,,,,,,,,,,,,,,,,,,,,,,,,,,,,,,,,,,,,,,,,,,,
,American man,,,,,,,,text,marcgt,periodical,,,code,marccountry,mdu,text,"Columbia, Md",,,R. Haddad.,,marc,start,1980,marc,end,9999,serial,,,,,iso639-2b,code,eng,marcform,print,v. ill. 22 cm.,date/sequential designation,v. 1-   winter 1980-,,,,,,,,,Sex role,,,lcsh,,,,,,,,,,,,,,,,,,,,,,,,,,,,,,,,,,,,,,,,,,,issn,0271-9487,lccn,sn 80012550,oclc,,06352511,,,,,,marcorg,UMC,marc,800523,iso8601,20121114185558.0,547102,"Converted from MARCXML to MODS version 3.5 using MARC21slim2MODS3-5.xsl
				(Revision 1.107 2016/1/7)",3.5,,marcfrequency,Quarterly,PIT PITX,"Haddad, Richard.",personal,Men,Periodicals,lcsh,Periodicals,,,,,,,,,,,,,,,,,,,,,,,,,,,,,,,,,,,,,,,,,,,,,,,,,,,,,,,,,,,,,,,,,,,,,,,,,,,,,,,,,,,,,,,,,,,,,,,,,,,,,,,,,,,,,,,,,,,,,,,,,,,,,,,,,,,,,,,,,,,,,,,,,,,,,,,,,,,,,,,,,,,,,,,,,
,Blueboy,,,,,,,,text,marcgt,periodical,,,code,marccountry,nyu,text,"New York, N.Y",,,"Blueboy, inc.",,marc,start,19uu,marc,end,9999,serial,Monthly,,,,iso639-2b,code,eng,marcform,print,v.,,,,,,,,,,,,,,,,,,,,,,,,,,,,,,,,,,,,,,,,,,,,,,,,,,,,,,,,,issn,0279-3733,lccn,sn 81002823,oclc,,07816856,,,,,,marcorg,NSD,marc,811005,iso8601,19990522220422.0,549414,"Converted from MARCXML to MODS version 3.5 using MARC21slim2MODS3-5.xsl
				(Revision 1.107 2016/1/7)",3.5,,,,PIT PITX,,,,,,,marcfrequency,Monthly,Description based on: Vol. 60 (Oct. 1981); title from cover.,,,,,,,,,,,,,,,,,,,,,,,,,,,,,,,,,,,,,,,,,,,,,,,,,,,,,,,,,,,,,,,,,,,,,,,,,,,,,,,,,,,,,,,,,,,,,,,,,,,,,,,,,,,,,,,,,,,,,,,,,,,,,,,,,,,,,,,,,,,,,,,,,,,,,,,,,,,,,,,,,,,,,,
,Boston gay review,,,,,,,,text,marcgt,periodical,,,code,marccountry,mau,text,Boston,,,Boston Gay Review Collective.,,marc,start,197u,marc,end,9999,serial,,,,,iso639-2b,code,eng,marcform,print,v. ill. 34 cm.,,,,,,,,,,,Homosexuality in literature,,,lcsh,Homosexuality,,,lcsh,,,,,,,,,,,,,,,,,,,,,,,,,,,,,,,,,,,,,,,oclc,04903842,,,,,,,,,,,marcorg,PIT,marc,790427,iso8601,20121114185548.0,544788,"Converted from MARCXML to MODS version 3.5 using MARC21slim2MODS3-5.xsl
				(Revision 1.107 2016/1/7)",3.5,,marcfrequency,Unknown,PIT PITX,,,Homosexuality and literature,History and criticism,lcsh,Periodicals,,,,Periodicals,Poetry,History and criticism,Periodicals,,,,,,,,,,,,,,,,,,,,,,,,,,,,,,,,,,,,,,,,,,,,,,,,,,,,,,,,,,,,,,,,,,,,,,,,,,,,,,,,,,,,,,,,,,,,,,,,,,,,,,,,,,,,,,,,,,,,,,,,,,,,,,,,,,,,,,,,,,,,,,,,,,,,,,,,,,,,,,,,,,
,Fag rag,Fag rag,,abbreviated,,,,,text,marcgt,periodical,,,code,marccountry,mau,text,"Boston, Mass",,,Fag Rag.,,marc,start,197u,marc,end,9999,serial,,,,,iso639-2b,code,eng,marcform,print,v. ill. 43x29 cm.,,,,,,,,,,,Homosexuality,,,lcsh,,,,,,,ddc,306,,,,,Alternative press index,,,,,,,isReferencedBy,,,,,,,,,,,,,,,,,,,,,,,issn,0046-3167,lccn,sn 84012251,oclc,,02547737,,,,,,marcorg,PIT,marc,761109,iso8601,19990522220422.0,540013,"Converted from MARCXML to MODS version 3.5 using MARC21slim2MODS3-5.xsl
				(Revision 1.107 2016/1/7)",3.5,,marcfrequency,Unknown,PIT PITX,,,Gay liberation movement,Periodicals,lcsh,Periodicals,,,,,,,,11,,part,,,,,,,,,,,,,,,,,,,,,,,,,,,,,,,,,,,,,,,,,,,,,,,,,,,,,,,,,,,,,,,,,,,,,,,,,,,,,,,,,,,,,,,,,,,,,,,,,,,,,,,,,,,,,,,,,,,,,,,,,,,,,,,,,,,,,,,,,,,,,,,,,,,,,,,,,,,,,,,
,Gay,"Gay (New York, N.Y.)",,alternative,"Gay (New York, New York)",alternative,,,text,marcgt,newspaper,rdacontent,text,code,marccountry,nyu,,,,,,,marc,start,1969,marc,end,uuuu,serial,"Monthly, July 1973-","Biweekly, Dec. 1, 1969-Apr. 13, 1970",,,iso639-2b,code,eng,marccategory,electronic resource,1 online resource (volumes) : illustrations.,date/sequential designation,"No. 1 (Dec. 1, 1969)-",Title from caption.,Reproduction of the original from Lesbian Herstory Archives.,"Reproduction of the original from Gay, Lesbian, Bisexual, and Transgender Historical Society.",,,,marcgac,n-us---,Homosexuality,United States,Newspapers,lcsh,Gays,United States,Newspapers,lcsh,Gay men,lcsh,,,,,electronic resource,http://pitt.idm.oclc.org/login?url=http://gdc.galegroup.com/gdc/artemis/atp/AboutThisPublicationPortletWin?mCode=1NEM&p=AHSI&prodId=AHSI&action=e&windowstate=normal&mode=view&userGroupName=upitt_main,Archives of Sexuality & Gender: LGBTQ History and Culture since 1940,,,,,,,series,,,,,,,,,,,,,,,,,,,,,,,oclc,800422257,,,,,,,,,,rda,marcorg,MIGCL,marc,840917,iso8601,20180627110512.0,9247172,"Converted from MARCXML to MODS version 3.5 using MARC21slim2MODS3-5.xsl
				(Revision 1.107 2016/1/7)",3.5,,,,,,,,,,,,,,,,,,,,,"Weekly, Apr. 20-Sept. 28, 1970","Biweekly, Oct. 12, 1970-June 18, 1973",marcfrequency,Monthly,text,New York :,"Four Swords, Incorporated,",1969-,publication,marcsmd,remote,media,rdamedia,computer,carrier,rdacarrier,online resource,numbering,Issues beginning Nov. 1970 also carry volume designation. Contains numbering inconsistencies.,United States,Newspapers,New York (N.Y.),Newspapers,lcsh,New York County (N.Y.),Newspapers,lcsh,primary display,Pitt users please click through for access via Gale Cengage.,electronic resource,Pitt users please click through for access via Gale Cengage.,http://pitt.idm.oclc.org/login?url=http://gdc.galegroup.com/gdc/artemis/atp/AboutThisPublicationPortletWin?mCode=6QYU&p=AHSI&prodId=AHSI&action=e&windowstate=normal&mode=view&userGroupName=upitt_main,iso639-2b,code,eng,,,,,,,,,,,,,,,,,,,,,,,,,,,,,,,,,,,,,,,,,,,,,,,,,,,,,,,,,,,,,,,,,,,,,,,,,,,,,,,,,,,,,,,,,,,,,,,,,,,,,,,,,,,,,,,,,,,,,,,,,,,,
,Gay NYC,Gay,,alternative,"Gay (New York, N.Y.)",uniform,,,text,marcgt,newspaper,rdacontent,text,code,marccountry,nyu,,,,,,,marc,start,1969,marc,end,uuuu,serial,"Monthly, July 1973-","Biweekly, Dec. 1, 1969-Apr. 13, 1970",,,iso639-2b,code,eng,marccategory,electronic resource,1 online resource (volumes) : illustrations.,date/sequential designation,"No. 1 (Dec. 1, 1969)-",Title from cover.,Reproduction of the original from Lesbian Herstory Archives.,,,,,marcgac,n-us---,Homosexuality,United States,Newspapers,lcsh,Gays,United States,Newspapers,lcsh,Gay men,lcsh,,,,,electronic resource,http://pitt.idm.oclc.org/login?url=http://gdc.galegroup.com/gdc/artemis/atp/AboutThisPublicationPortletWin?mCode=9EYO&p=AHSI&prodId=AHSI&action=e&windowstate=normal&mode=view&userGroupName=upitt_main,Archives of Sexuality & Gender: LGBTQ History and Culture since 1940,,,,,,,series,,,,,,,,,,,,,,,,,,,,,,,oclc,952385097,,,,,,,,,,rda,marcorg,MIGCL,marc,840917,iso8601,20180627110552.0,9247403,"Converted from MARCXML to MODS version 3.5 using MARC21slim2MODS3-5.xsl
				(Revision 1.107 2016/1/7)",3.5,,,,,,,,,,,,,,,,,,,,,"Weekly, Apr. 20-Sept. 28, 1970","Biweekly, Oct. 12, 1970-June 18, 1973",marcfrequency,Monthly,text,New York :,"Four Swords, Incorporated,",1969-,publication,marcsmd,remote,media,rdamedia,computer,carrier,rdacarrier,online resource,,,United States,Newspapers,New York (N.Y.),Newspapers,lcsh,New York County (N.Y.),Newspapers,lcsh,primary display,Pitt users please click through for access via Gale Cengage.,,,,iso639-2b,code,eng,numbering,Issues beginning Nov. 1970 also carry volume designation. Contains numbering inconsistencies.,marcgac,n-us-ny,,,,,,,,,,,,,,,,,,,,,,,,,,,,,,,,,,,,,,,,,,,,,,,,,,,,,,,,,,,,,,,,,,,,,,,,,,,,,,,,,,,,,,,,,,,,,,,,,,,,,,,,,,,,,,,,,,,,,,,,
,Gay community news,Gay community news,(Boston Mass.),abbreviated,GCN,alternative,,,text,marcgt,periodical,,,code,marccountry,mau,text,Boston,,,"G.C.N., inc.]",,marc,start,1973,marc,end,9999,serial,"Quarterly, 1994-","Weekly (except the last week of Apr., Aug. and Dec.), 1973-1992",marcfrequency,Quarterly,iso639-2b,code,eng,marcform,print,v. ill. 43 cm.,date/sequential designation,"Began with v. 1, no. 2 on June 28, 1973.",,,,,,,marcgac,n-us---,Homosexuality,,,lcsh,Gay men,United States,,lcsh,Gay liberation movement,lcsh,lcc,HQ75 .G37,ddc,305,,,Alternative press index,,,,,,,isReferencedBy,,local,(DLC)sn 95032713,local,(OCoLC)31855724,,,otherFormat,,Gay community newsletter,,,preceding,,,,,,,,,,issn,0147-0728,lccn,sc 77001418,oclc,,03079323,,,,,,marcorg,NSD,marc,770628,iso8601,19990522225058.0,1696389,"Converted from MARCXML to MODS version 3.5 using MARC21slim2MODS3-5.xsl
				(Revision 1.107 2016/1/7)",3.5,,,,,,,,,,Periodicals,,,,,Periodicals,,,,,part,,,,,,,,,,,,,,,,,,,,,,,,,,,,,,,,,,,,,,,,numbering,"Publication suspended with July 4/17, 1992 issue amd resumed with June 1994 issue.",Periodicals,11,Harvard University Microreproduction Dept.,,,,,,,,,,,,,,,,,,,,,,,,,,,,,,,,,,,,,,,,,,,,,,,,,,,,,,,,,,,,,,,,,,,,,,,,,,,,,,,,,,,,,,,,,,,,,,,,,,,,,,,,,,,,,,,,,,,
,Gay life,,,,,,,,text,marcgt,periodical,,,code,marccountry,pau,text,Pittsburgh,,,GNC.,,marc,start,1977,marc,end,1979,serial,,,,,iso639-2b,code,eng,marcform,print,30 no. ill. 22 cm.,date/sequential designation,no. 2-31; Mar. 1977-Oct. 1979.,,,,,,,,,Lesbianism,Pennsylvania,,lcsh,Gay liberation movement,,,lcsh,,,,,,,,,Pittsburgh's gay life,,,,,,,preceding,Out,local,(OCoLC)5737007,,,,,succeeding,,,,,,,,,,,,,,,oclc,03831941,,,,,,,,,,,marcorg,PIT,marc,780427,iso8601,19990522220422.0,542801,"Converted from MARCXML to MODS version 3.5 using MARC21slim2MODS3-5.xsl
				(Revision 1.107 2016/1/7)",3.5,,marcfrequency,Monthly,PIT PITX,,,Homosexuality,Periodicals,lcsh,Periodicals,,,,,Periodicals,,,,,,,,,,,,,,,,,,,,,,,,,,,,,,,,,,,,,,,,,,,,,,,,,,Pennsylvania,Pittsburgh,Pittsburgh,,,,,,,,,,,,,,,,,,,,,,,,,,,,,,,,,,,,,,,,,,,,,,,,,,,,,,,,,,,,,,,,,,,,,,,,,,,,,,,,,,,,,,,,,,,,,,,,,,,,,,,,,,,,,,,,
,Gay life,Gay life (Out Publishing Co.),,uniform,,,,,text,marcgt,periodical,,,code,marccountry,pau,text,Pittsburgh,,,Out Publishing Co.,,,,,marc,start,197u,serial,,,,,iso639-2b,code,eng,marcform,print,v. : ill. ; 36 x 28 cm.,date/sequential designation,-no. 51 (June 1981).,"Description based on: Feb., 1981.",Issued as a supplement to: Out.,,,,,,,Lesbianism,Pennsylvania,,lcsh,Gay liberation movement,,,lcsh,,,,,,,,,Out,local,(OCoLC)5737007,,,,,host,Out and about,local,(OCoLC)7760230,,,,,succeeding,,,,,,,,,,,,,,,oclc,07239543,,,,,,,,,,,marcorg,PIT,marc,810319,iso8601,19990522220422.0,548396,"Converted from MARCXML to MODS version 3.5 using MARC21slim2MODS3-5.xsl
				(Revision 1.107 2016/1/7)",3.5,,marcfrequency,Monthly,PIT PITX,,,Homosexuality,Periodicals,lcsh,Periodicals,,,,,Periodicals,,,,,,,,,,,,,,,,,,,,,,,,,,,,,,,,,,,,,,,,,,,,,,,,,,Pennsylvania,Pittsburgh,Pittsburgh,197 -1981,marc,end,1981,,,,,,,,,,,,,,,,,,,,,,,,,,,,,,,,,,,,,,,,,,,,,,,,,,,,,,,,,,,,,,,,,,,,,,,,,,,,,,,,,,,,,,,,,,,,,,,,,,,,,,,,,,,,
,Gay news,,,,,,,,text,marcgt,periodical,,,code,marccountry,pau,text,Pittsburgh,,,Gay Alternatives Pittsburgh.,,marc,start,1973,marc,end,1973,serial,,,,,iso639-2b,code,eng,marcform,print,ill. 28 cm.,date/sequential designation,no.3; June [1973],,,,,,,,,Lesbianism,Pennsylvania,,lcsh,Gay liberation movement,,,lcsh,,,,,,,,,Newsletter,local,(OCoLC)3510023,,,,,preceding,Pittsburgh gay news,local,(OCoLC)3010045,,,,,succeeding,,,,,,,,,,,,,,,oclc,03509532,,,,,,,,,,,marcorg,PIT,marc,771222,iso8601,19990522220422.0,542021,"Converted from MARCXML to MODS version 3.5 using MARC21slim2MODS3-5.xsl
				(Revision 1.107 2016/1/7)",3.5,,marcfrequency,Monthly,PIT PITX,Gay Alternatives Pittsburgh,corporate,Homosexuality,Periodicals,lcsh,Periodicals,,,,,Periodicals,,,,,,,,,,,,,,,,,,,,,,,,,,,,,,,,,,,,,,,,,,,,,,,,,,Pennsylvania,Pittsburgh,Pittsburgh,,,,,Gay alternatives Pittsburgh.,,,,,,,,,,,,,,,,,,,,,,,,,,,,,,,,,,,,,,,,,,,,,,,,,,,,,,,,,,,,,,,,,,,,,,,,,,,,,,,,,,,,,,,,,,,,,,,,,,,,,,,,,,,
,Gay sunshine,,,,,,,,text,marcgt,periodical,,,code,marccountry,cau,text,"Berkeley, Calif",,,Gay Sunshine,,,,,marc,start,1970,serial,,,,,iso639-2b,code,eng,marcform,print,46 v. : ill. ; 45 cm.,date/sequential designation,-no. 46.,,Description based on: No. 5 (Jan. 1971); title from cover.,,,,,marcgac,n-us---,Homosexuality,,,lcsh,Homosexuality,,,lcsh,Gay liberation movement,lcsh,,,,,,,Gay sunshine journal,local,(OCoLC)8517263,,,,,succeeding,,,,,,,,,,,,,,,,,,,,,,,issn,0046-550X,lccn,sc 85003518,oclc,,02261416,,,,,,marcorg,PIT,marc,760620,iso8601,19990522220422.0,534521,"Converted from MARCXML to MODS version 3.5 using MARC21slim2MODS3-5.xsl
				(Revision 1.107 2016/1/7)",3.5,,marcfrequency,Unknown,PIT PITX,,,,,,Periodicals,,,,,Literary collections,Periodicals,,,,,,,,,,,,,,,,,,,,,,,,United States,,,,,,,,,,,,,,,,,,,,date/sequential designation,"Began with: No. 1, published in 1970.",Periodicals,,,,,,1970-1981],marc,end,1981,,,,,,,,,,,,,,,,,,,,,,,,,,,,,,,,,,,,,,,,,,,,,,,,,,,,,,,,,,,,,,,,,,,,,,,,,,,,,,,,,,,,,,,,,,,,,,,,,,,,,,,,,,,,
,Gay sunshine journal,,,,,,,,text,,,,,code,marccountry,cau,text,San Francisco,,,Gay Sunshine Press,,,,,marc,start,1982,serial,Irregular,,,,iso639-2b,code,eng,marcform,print,v. : ill. ; 23 cm.,statement of responsibility,Edited by Winston Leyland.,,"""Anthology of fiction/poetry/prose.""",,,,,marcgac,n-us---,Gays,United States,,lcsh,Gays,,,lcsh,Gays,lcsh,lcc,HQ76.2.U5 G394,,,,,Gay sunshine,issn,0046-550X,local,(DLC)sc 85003518,local,(OCoLC)2261416,preceding,,,,,,,,,,,,,,,,,,,,,,,issn,0046-550X,lccn,sn 83010259,oclc,,08517263,,,,,aacr,marcorg,CDH,marc,820614,iso8601,20121114191344.0,1528467,"Converted from MARCXML to MODS version 3.5 using MARC21slim2MODS3-5.xsl
				(Revision 1.107 2016/1/7)",3.5,,,,,"Leyland, Winston",personal,,,,Periodicals,marcfrequency,Completely irregular,,,Literary collections,Periodicals,,,,,,,,,,,,,,,,,,,,,,,,,,,,,,,,,,,,,,,,,,,,date/sequential designation,No. 47-,Fiction,,,,,,c1982-,marc,end,uuuu,,date,1940-,00,Periodicals,yes,,,,,,,,,,,,,,,,,,,,,,,,,,,,,,,,,,,,,,,,,,,,,,,,,,,,,,,,,,,,,,,,,,,,,,,,,,,,,,,,,,,,,,,,,,,,,,,,,,,,,,
,Genre,Genre,(Los Angel. Calif.),abbreviated,"Genre (Los Angeles, Calif.)",uniform,,,text,marcgt,periodical,,,code,marccountry,cau,text,"Los Angeles, Calif",,,Genre Publishing,,,,,marc,start,1991,serial,"Bimonthly, <Dec./Jan. 1994->","Quarterly, 1992-",marcfrequency,Bimonthly,iso639-2b,code,eng,marcform,print,v. : ill. ; 27 cm.,date/sequential designation,"Vol. 1, no. 1 (spring 1991)-",Title from cover.,,,,,,,,Gays,,,lcsh,Homosexuality,,,lcsh,,,lcc,WMLC 93/1073,ddc,051,,,,,,,,,,,,,,,,,,,,,,,,,,,,,,,,,issn,1074-5246,lccn,sf 93091572,oclc,,24835116,,,,,aacr,marcorg,SMP,marc,911121,iso8601,19990522225058.0,1592666,"Converted from MARCXML to MODS version 3.5 using MARC21slim2MODS3-5.xsl
				(Revision 1.107 2016/1/7)",3.5,,,,,,,Gay men,Periodicals,lcsh,Periodicals,,,,,Periodicals,,,,,,,,,,,,,,,,,,,,,,,,,,,,,,,,,,,,,,,,,,,,,,,,12,,United States,,,1991-,marc,end,9999,,,,,,,,,,,,,,,,,,,,,,,,,,,,,,,,,,,,,,,,,,,,,,,,,,,,,,,,,,,,,,,,,,,,,,,,,,,,,,,,,,,,,,,,,,,,,,,,,,,,,,,,,,,,
,Homo xtra,HX,,alternative,Homo extra,alternative,,,text,,,,,code,marccountry,nyu,text,"New York, N.Y",,,"Two Queens, Inc.",,marc,start,19uu,marc,end,9999,serial,Weekly,,,,iso639-2b,code,eng,marcform,print,v. : ill. ; 22 cm.,,,,,,,,,marcgac,n-us-ny,Gay men,New York (State),,lcsh,Male homosexuality,New York (State),,lcsh,,,,,,,,,,,,,,,,,,,,,,,,,,,,,,,,,,,,,,,lccn,sn 94020160,oclc,29807670,,,,,,,,aacr,marcorg,NYP,marc,930308,iso8601,20070226124852.0,1516707,"Converted from MARCXML to MODS version 3.5 using MARC21slim2MODS3-5.xsl
				(Revision 1.107 2016/1/7)",3.5,,,,,,,,,,Periodicals,marcfrequency,Weekly,"Description based on: Vol. 3, no. 1 & 2 (Jan. 13, 1993).",,Periodicals,,,,,,,,,,,,,,,,,,,,,,,,,,,,,,,,,,,,,,,,,,,,,,,,,,,,New York,,,,,,,,,,,New York,,,,,,,,,,,,,,,,,,,,,,,,,,,,,,,,,,,,,,,,,,,,,,,,,,,,,,,,,,,,,,,,,,,,,,,,,,,,,,,,,,,,,,,,,,,,,,,,,,,,,
,ISMIR chronicle,ISMIR chron,,abbreviated,Chronicle,alternative,,,text,marcgt,periodical,,,code,marccountry,pau,text,"Pittsburgh, PA",,,International Sexual Minorities Information Resource,,,,,marc,start,1995,serial,Semianual,,,,iso639-2b,code,eng,marcform,print,v.,date/sequential designation,Issue #1 (summer/fall 1995)-,Title from caption.,,,,,,,,,,,,,,,,,,ddc,306,,,,,,,,,,,,,,,,,,,,,,,,,,,,,,,,,,,issn,1084-7359,lccn,sn 95002317,oclc,,33139553,stock number,"ISMIR, PO Box 81869, Pittsburgh, PA 15217-0869",,,aacr,marcorg,NSD,marc,950915,iso8601,19990522225058.0,1642233,"Converted from MARCXML to MODS version 3.5 using MARC21slim2MODS3-5.xsl
				(Revision 1.107 2016/1/7)",3.5,,,,,International Sexual Minorities Information Resource,corporate,,,,,marcfrequency,Semiannual,,,,,,12,,,,,,,,,,,,,,,,,,,,,,,,,,,,,,,,,,,,,,,,,,,,,,,,,,c1995-,marc,end,9999,,,,,,,,,,,,,,,,,,,,,,,,,,,,,,,,,,,,,,,,,,,,,,,,,,,,,,,,,,,,,,,,,,,,,,,,,,,,,,,,,,,,,,,,,,,,,,,,,,,,,,,,,,,,
,International sexual minorities events calendar,ISMIR events calendar,,alternative,ISMIR calendar,alternative,,,text,marcgt,periodical,,,code,marccountry,pau,text,"Pittsburgh, PA",,,International Sexual Minorities Information Resource,,,,,marc,start,1994,serial,Monthly,,,,iso639-2b,code,eng,marcform,print,v. ; 22 cm.,date/sequential designation,"Vol. 1, no. 1 (Apr. 1994)-",Title from cover.,,,,,,,,Gays,,,lcsh,Lesbians,,,lcsh,,,,,,,,,,,,,,,,,,,,,,,,,,,,,,,,,,,,,,,issn,1075-9131,lccn,sn 94000293,oclc,,30325424,stock number,"ISMIR, PO Box 81869, Pittsburgh, PA 15217-0869",,,aacr,marcorg,NSD,marc,940425,iso8601,20121114191357.0,1651776,"Converted from MARCXML to MODS version 3.5 using MARC21slim2MODS3-5.xsl
				(Revision 1.107 2016/1/7)",3.5,,,,,International Sexual Minorities Information Resource (Organization),corporate,Calendars,,lcsh,Calendars,marcfrequency,Monthly,,,Calendars,,,,,,,,,,,,,,,,,,,,,,,,,,,,,,,,,,,,,,,,,,,,,,,,,,,,,c1994-,marc,end,9999,,,,,,,,International Sexual Minorities Information Resource (Organization),corporate,,,,,,,,,,,,,,,,,,,,,,,,,,,,,,,,,,,,,,,,,,,,,,,,,,,,,,,,,,,,,,,,,,,,,,,,,,,,,,,,,,,,,,,,,,,,,,,,,,,
The,ladder,,,,,,,,text,marcgt,periodical,rdacontent,text,code,marccountry,cau,,,,,,,marc,start,1956,marc,end,1972,serial,"Bimonthly, Oct./Nov. 1968-Aug./Sept. 1972","Monthly, Oct. 1956-Sept. 1968",marcfrequency,Bimonthly,iso639-2b,code,eng,marccategory,electronic resource,1 online resource (volumes) : illustrations.,date/sequential designation,"Vol. 1, no. 1 (Oct. 1956)-v. 16, no. 11-12 (Sept. 1972).","Publisher varies: Daughters of Bilitis, July 1956-1970; The Ladder, Sept. 1970-1972.","Place of publication varies: San Francisco, Calif., April 1956-May 1970; Reno, Nov. 1970-July 1970-1972.",Magazine/Journal.,Title from cover.,Reproduction of the originals from Duke University Library.,Reproduction of the originals from Canadian Lesbian and Gay Archives.,marcgac,n-us-ca,,,Periodicals,lcsh,,,,fast,Lesbianism,lcsh,lcc,HQ73 .L3,,,electronic resource,http://pitt.idm.oclc.org/login?url=http://link.galegroup.com/apps/pub/9GDG/AHSI?sid=gale_marc&u=upitt_main,"Archives of Sexuality & Gender: LGBTQ History and Culture Since 1940, Part II",,,,,,,series,,,,,,,,,,,,,,,,,,,,,,,oclc,806972399,,,,,,,,,,rda,marcorg,MIGCL,marc,901009,iso8601,20180731084233.0,9264314,"Converted from MARCXML to MODS version 3.5 using MARC21slim2MODS3-5.xsl
				(Revision 1.107 2016/1/7)",3.5,,,,,Daughters of Bilitis,corporate,,,,,,,,,,,,,,,,,,,text,"San Francisco, California :","Daughters of Bilitis,",1956-1972.,publication,marcsmd,remote,media,rdamedia,computer,carrier,rdacarrier,online resource,,,,Periodicals,,,fast,,Periodicals,lcsh,primary display,Pitt users please click through for access via Gale Cengage,electronic resource,Pitt users please click through for access via Gale Cengage,http://pitt.idm.oclc.org/login?url=http://link.galegroup.com/apps/pub/3LKX/AHSI?sid=gale_marc&u=upitt_main,iso639-2b,code,eng,,,marcgac,n-us-nv,,,,,,,,,,,,,,,,,,,,,,text,issuing body.,fast,Periodicals.,numbering,Some issues combined.,Daughters of Bilitis,corporate,Daughters of Bilitis.,corporate,Lesbianism,Lesbians,,,,,,,,,,,,,,,,,,,,,,,,,,,,,,,,,,,,,,,,,,,,,,,,,,,,,,,,,,,,,,,,,,,,,,,,,,,,,,,,,,,,,,,
,Lambda Rising news,Lambda Rising news,,abbreviated,,,,,text,marcgt,periodical,,,code,marccountry,dcu,text,"Washington, DC",,,Lambda Rising,,marc,start,1984,marc,end,9999,serial,Four times a year,,,,iso639-2b,code,eng,marcform,print,v. : ill. ; 38 cm.,date/sequential designation,Began in 1984?,Description based on: Fall 1990; title from caption.,,,,,,marcgac,n-us---,Periodicals,,,lcsh,Gays,,,lcsh,Gays,lcsh,ddc,305,,,,,Whole gay catalog,issn,0890-8028,local,(DLC)sn 86010655,,,host,,,,,,,,,,,,,,,,,,,,,,,issn,1053-363X,issn,1053-353X,lccn,,sn 90004901,oclc,22517404,,,aacr,marcorg,NSD,marc,901016,iso8601,19990522225058.0,1481948,"Converted from MARCXML to MODS version 3.5 using MARC21slim2MODS3-5.xsl
				(Revision 1.107 2016/1/7)",3.5,,,,,"Lambda Rising, Inc",corporate,,,,,marcfrequency,Quarterly,,,Periodicals,,,12,,,,,,,,,,,,,,,,,,,,,,United States,,,,lcsh,,,,,,,,,,,,numbering,Issues for <Nov.-Dec. 1992-> called holiday issue.,,,,,Periodicals,,,,,,,,,,,,,,,,,,,,,,,,,"Lambda Rising, Inc.",corporate,,,Gays,,numbering,Suspended 1987-89.,Books and reading,Periodicals,yes,,,,,,,,,,,,,,,,,,,,,,,,,,,,,,,,,,,,,,,,,,,,,,,,,,,,,,,,,,,,,,,,,,,,,,,,,,,,,,,,,,
,Lambda Rising news,Lambda Rising news,,abbreviated,,,,,text,marcgt,periodical,rdacontent,text,code,marccountry,dcu,,,,,,,marc,start,1984,marc,end,199u,serial,"Quarterly, <Fall 1990->",,,,iso639-2b,code,eng,marccategory,electronic resource,1 online resource (volumes) : illustrations.,date/sequential designation,Began in 1984?,Magazine/Journal.,Reproduction of the originals from Duke University Library.,,,,,marcgac,n-us---,,,Catalogs,lcsh,Gays,United States,Periodicals,lcsh,Gays,lcsh,lcc,HQ75 .L35,ddc,305,electronic resource,http://pitt.idm.oclc.org/login?url=http://link.galegroup.com/apps/pub/2UHL/AHSI?sid=gale_marc&u=upitt_main,Whole gay catalog,issn,0890-8028,local,(DLC)sn 86010655,local,(OCoLC)14399231,host,"Archives of Sexuality & Gender: LGBTQ History and Culture Since 1940, Part II",,,,,,,series,,,,,,,,,,,,,,,issn,1053-363X,issn,1053-353X,issn-l,,1053-363X,oclc,952385774,,,rda,marcorg,MIGCL,marc,901016,iso8601,20180712112420.0,9247652,"Converted from MARCXML to MODS version 3.5 using MARC21slim2MODS3-5.xsl
				(Revision 1.107 2016/1/7)",3.5,,,,,"Lambda Rising, Inc",corporate,,,,,marcfrequency,Quarterly,,,,,,,,,,,,,text,"Washington, DC :","Lambda Rising, Inc.,",1984-199-?.,publication,marcsmd,remote,media,rdamedia,computer,carrier,rdacarrier,online resource,numbering,Issues for <Nov.-Dec. 1992-> called Holiday issue.,,Periodicals,,Periodicals,lcsh,,Periodicals,lcsh,primary display,Pitt users please click through for access via Gale Cengage,,,,iso639-2b,code,eng,numbering,Suspended 1987-1989.,marcgac,n-us-dc,,,Books and reading,12,,,,,,,,,,,,,,,,,,text,publisher.,,Booksellers' catalogs.,,,"Lambda Rising, Inc.",corporate,,,Lesbians,Gays in literature,,,Books and reading,,yes,additional physical form,Also issued on microfilm from Primary Source Microfilm.,Homosexuality in literature,Periodicals,lcsh,Gays' writings,Periodicals,lcsh,Lesbians' writings,Periodicals,lcsh,Gay authors,Periodicals,lcsh,Lesbian authors,Periodicals,lcsh,,,,,,,,,,,,,,,,,,,,,,,,,,,,,,,,,,,,,,,,,,,,,,,,,,,,,,,,,,,,,,,,,
The,Leather journal,Leather j,,abbreviated,TLJ,alternative,,,text,marcgt,periodical,fast,Periodicals.,code,marccountry,cau,text,"West Hollywood, CA",,,Cedar Pub. Corp.,,marc,start,19uu,marc,end,9999,serial,Monthly,,,,iso639-2b,code,eng,marcform,print,v.,,,,,,,,,,,Sadomasochism,,Periodicals,lcsh,Gay men,,Periodicals,lcsh,Gay men,fast,ddc,051,,,,,,,,,,,,,,,,,,,,,,,,,,,,,,,,,,,issn,1062-8185,issn-l,1062-8185,lccn,,sn 92004064,oclc,ocm25756878,oclc,25756878,aacr,marcorg,NSD,marc,920504,iso8601,20180720111043.0,9275942,"Converted from MARCXML to MODS version 3.5 using MARC21slim2MODS3-5.xsl
				(Revision 1.107 2016/1/7)",3.5,,,,,,,Leather lifestyle,,lcsh,,marcfrequency,Monthly,,,,,,12,,,,,,,,,,,,,,,,,,,,,,,,,,fast,,,fast,,,,,,iso639-2b,code,eng,,,,,,,,,,,,,,,,,,,,,,,,,,,,,,,,,,,,Leather lifestyle,Sadomasochism,,,,,,,,Gay sadomasochism,Periodicals,henn,,,,,,,,,,,,,Periodicals,stock number,"The Leather Journal, 7985 Santa Monica Blvd., #214, West Hollywood, CA 90046",,,,,,,,,,,,,,,,,,,,,,,,,,,,,,,,,,,,,,,,,,,,,,,,,,,,,,,,,,,,,,
,Menergy,Menergy of the Pittsburgh Men's Collective,,alternative,Newsletter of the Pittsburgh Men's Collective,alternative,,,text,marcgt,periodical,rdacontent,text,code,marccountry,pau,text,"Pittsburgh, Penn",,,Pittsburgh Men's Collective,,,,,marc,start,1992,serial,Bimonthly,,,,iso639-2b,code,eng,marcform,print,volumes : illustrations ; 28 cm.,date/sequential designation,"Vol. 14, no. 2 (May/June 1992)-",,,,,,,marcgac,n-us-pa,Men,,Periodicals,lcsh,Men,Pennsylvania,Periodicals,lcsh,Men,fast,lcc,HQ1090.5.P4 P5,,,,,Newsletter of the Pittsburgh Men's Collective,local,(OCoLC)25921014,,,,,preceding,,,,,,,,,,,,,,,,,,,,,,,oclc,ocm26776477,oclc,26776477,,,,,,,,aacr,marcorg,EEM,marc,921013,iso8601,20190111120000.0,9376415,"Converted from MARCXML to MODS version 3.5 using MARC21slim2MODS3-5.xsl
				(Revision 1.107 2016/1/7)",3.5,the newsletter of the Pittsburgh Men's Collective,,,,Pittsburgh Men's Collective,corporate,,,,,marcfrequency,Bimonthly,,,,,,,,,,,,,,,,,,rdamedia,unmediated,carrier,rdacarrier,volume,,,,,,,,Pennsylvania,,fast,,,,,,,,,iso639-2b,code,eng,,,,,,,,,,,,,1992-,marc,end,9999,,,,,,,Pittsburgh,,,,,fast,Periodicals.,,,,,,,,,,,,,,,,,,,,,,,,,,,,,,,,,,Title from indicia:,lcgft,Newsletters.,media,Pittsburgh,"Pittsburgh, Penn. : Pittsburgh Men's Collective, 1989-1992.",,,,,,,,,,,,,,,,,,,,,,,,,,,,,,,,,,,,,,,,,,,,,,,,,,,,,,,,
,Newsletter of the Pittsburgh Men's Collective,,,,,,,,text,marcgt,periodical,rdacontent,text,code,marccountry,pau,text,"Pittsburgh, Penn",,,Pittsburgh Men's Collective,,,,,marc,start,1989,serial,Bimonthly,,,,iso639-2b,code,eng,marcform,print,volumes : illustrations ; 28 cm.,date/sequential designation,"Vol. 10, no. 2 (Apr./May 1989) - v. 14, no. 1 (Jan./Feb. 1992).",,,,,,,marcgac,n-us-pa,Men,,Periodicals,lcsh,Men,Pennsylvania,Periodicals,lcsh,Men,fast,lcc,HQ1090.5.P4 P5,,,,,Pittsburgh Men's Collective newsletter,local,(OCoLC)25920926,,,,,preceding,"Menergy. Pittsburgh, Penn. : Pittsburgh Men's Collective, 1992-",local,(OCoLC)26776477,,,,,succeeding,,,,,,,,,,,,,,,oclc,ocm25921014,oclc,25921014,,,,,,,,aacr,marcorg,EEM,marc,920601,iso8601,20190111115025.0,9376405,"Converted from MARCXML to MODS version 3.5 using MARC21slim2MODS3-5.xsl
				(Revision 1.107 2016/1/7)",3.5,,,,,Pittsburgh Men's Collective,corporate,,,,,marcfrequency,Bimonthly,,,,,,,,,,,,,,,,,,rdamedia,unmediated,carrier,rdacarrier,volume,,,,,,,,Pennsylvania,,fast,,,,,,,,,iso639-2b,code,eng,,,,,,,,,,,,,1989-1992,marc,end,1992,,,,,,,Pittsburgh,,,,,fast,Periodicals.,,,,,,,,,,,,,,,,,,,,,,,,,,,,,,,,,,,lcgft,Newsletters.,media,Pittsburgh,"Pittsburgh, Penn. : Pittsburgh Men's Collective, 1979-<1988?>",,,,,,,,,,,,,,,,,,,,,,,,,,,,,,,,,,,,,,,,,,,,,,,,,,,,,,,,
,New York native,,,,,,,,text,marcgt,periodical,,,code,marccountry,nyu,text,"New York, NY",,,"That New Magazine, Inc.",,marc,start,19uu,marc,end,9999,serial,Biweekly,,,,iso639-2b,code,eng,marcform,print,v. : ill. ; 38 cm.,,,,,,,,,,,,,,,,,,,,,,,,,,,,,,,,,,,,,,,,,,,,,,,,,,,,,,,,,issn,0744-060X,lccn,83006344,oclc,,08002067,,,,,aacr,marcorg,NSD,marc,811216,iso8601,19990522220422.0,442097,"Converted from MARCXML to MODS version 3.5 using MARC21slim2MODS3-5.xsl
				(Revision 1.107 2016/1/7)",3.5,,,,,,,,,,,marcfrequency,Biweekly,"Description based on: Issue 19 (Aug. 24-Sept. 6, 1981); title fromcaption.",,,,,,,,,,,,,,,,,,,,,,,,,,,,,,,,,,,,,,,,,,,,,,,,,,,,,,,,,,,,,,,,,,,,,,,,,,,,,,,,,,,,,,,,,,,,,,,,,,,,,,,,,,,,,,,,,,,,,,,,,,,,,,,,,,,,,,,,,,,,,,,,,,,,,,,,,,,,,,,,,,,,,,
,PFLAG newsletter,"Parents and Friends of Lesbians and Gays newsletter (Boston, Massachusetts)",,alternative,"Parents' newsletter (Philadelphia, Pennsylvania)",alternative,"Newsletter, Parents & Friends of Lesbians and Gays (Los Angeles, California)",alternative,text,marcgt,periodical,rdacontent,text,code,marccountry,mau,,,,,,,marc,start,1982,marc,end,uuuu,serial,Monthly,,,,iso639-2b,code,eng,marccategory,electronic resource,1 online resource (volumes).,statement of responsibility,Boston Parents and Friends of Lesbians and Gays.,,"Includes: ""Parents' newsletter"" published in Philadelphia, Pennsylvania, January 1982 issue ; ""Newsletter, Parents & Friends of Lesbians and Gays"" published in Los Angeles, California, issue 71 (February 1982) and issue 76 (July 1982) ; ""Newsletter, Parents & Friends of Gays & Lesbians"" published in Chicago, Illinois, February/March 1982 issue ; ""United Parents and Friends Support Group, Inc."" published in Phoenix, Arizona, May 1982 and October 1982 issues ; ""Newsletter, Parents and Friends of Gays"" published in Chico, California, volume 3, number 6 (June 1982) ; ""Newsletter, Parents & Friends of Lesbians and Gays"" published in San Franciso, CA, November & December 1987 issue ; ""Parents flag, Parents & Friends of Lesbians & Gays"" published in Santa Ana, CA, May 1986 issue ; ""Newsletter : parents flag, Mid-Peninsula Parents & Friends of Lesbians and Gays, Inc."" published in Stanford, CA, issue 10 (August 1986) and issue 16 (February 1987).","Reproduction of the original from Gay, Lesbian, Bisexual, and Transgender Historical Society.",,,,marcgac,n-us-ma,,,Periodicals,lcsh,Gays,Massachusetts,Periodicals,lcsh,Lesbians,lcsh,,,,,electronic resource,http://pitt.idm.oclc.org/login?url=http://gdc.galegroup.com/gdc/artemis/atp/AboutThisPublicationPortletWin?mCode=9EVM&p=AHSI&prodId=AHSI&action=e&windowstate=normal&mode=view&userGroupName=upitt_main,Archives of Sexuality & Gender: LGBTQ History and Culture since 1940,,,,,,,series,,,,,,,,,,,,,,,,,,,,,,,oclc,952385668,,,,,,,,,,rda,marcorg,MIGCL,marc,160614,iso8601,20180627110633.0,9247609,"Converted from MARCXML to MODS version 3.5 using MARC21slim2MODS3-5.xsl
				(Revision 1.107 2016/1/7)",3.5,,,,,Boston Parents and Friends of Lesbians and Gays,corporate,,,,,marcfrequency,Monthly,,,,,,,,,,,,,text,"Boston, Massachusetts :","Parents & Friends of Lesbians and Gays,",1982-,publication,marcsmd,remote,media,rdamedia,computer,carrier,rdacarrier,online resource,,,Massachusetts,Periodicals,Massachusetts,Periodicals,lcsh,,,,primary display,Pitt users please click through for access via Gale Cengage.,,,,iso639-2b,code,eng,,,,,date/sequential designation,"January 1, 1982-",,,,,,,,,,,,,,00,,,Boston,,,text,issuing body.,,,,,Parents & Friends of Lesbians and Gays,corporate,,,Parents of gays,,,,,,,,,,,,,,,,,,,,,,,,,,,,,,,Boston,,"Newsletter, Parents & Friends of Gays & Lesbians (Chicago, Illinois)",alternative,"United Parents and Friends Support Group, Inc. (Phoenix, Arizona)",alternative,"Newsletter, Parents and Friends of Gays (Chico, California)",alternative,"Newsletter, Parents & Friends of Lesbians and Gays (San Francisco, California)",alternative,"Parents flag, Parents & Friends of Lesbians & Gays (Santa Ana, California)",alternative,Newsletter,"parents flag, Mid-Peninsula Parents & Friends of Lesbians and Gays, Inc. (Stanford, California)",alternative,Boston,,,,,,,,,,,,,,,,,,,,,,,,,,,,,,,,,,,,,,,,,,
,Pittsburgh's gay life,,,,,,,,text,marcgt,periodical,,,code,marccountry,pau,text,Pittsburgh,,,GNC Inc.,,marc,start,1977,marc,end,1977,serial,,,,,iso639-2b,code,eng,marcform,print,ill. 22 cm.,date/sequential designation,no. 1; Feb. 1977.,,,,,,,,,Lesbianism,Pennsylvania,,lcsh,Gay liberation movement,,,lcsh,,,,,,,,,Gay life,,,,,,,succeeding,,,,,,,,,,,,,,,,,,,,,,,oclc,03510088,,,,,,,,,,,marcorg,PIT,marc,771222,iso8601,19990522220422.0,542026,"Converted from MARCXML to MODS version 3.5 using MARC21slim2MODS3-5.xsl
				(Revision 1.107 2016/1/7)",3.5,,marcfrequency,Monthly,PIT PITX,,,Homosexuality,Periodicals,lcsh,Periodicals,,,,,Periodicals,,,,,,,,,,,,,,,,,,,,,,,,,,,,,,,,,,,,,,,,,,,,,,,,,,Pennsylvania,Pittsburgh,Pittsburgh,,,,,,,,,,,,,,,,,,,,,,,,,,,,,,,,,,,,,,,,,,,,,,,,,,,,,,,,,,,,,,,,,,,,,,,,,,,,,,,,,,,,,,,,,,,,,,,,,,,,,,,,,,,,,,,,
,Pittsburgh gay news,Gay news,,alternative,,,,,text,marcgt,periodical,,,code,marccountry,pau,text,Pittsburgh,,,Gay Alternatives Pittsburgh.,,marc,start,1973,marc,end,1976,serial,Eight times a year.,,,,iso639-2b,code,eng,marcform,print,ill. 41 cm.,date/sequential designation,no. 4-36; June [1973]-Sept. 1976.,no. 22-36 include Section B which has distinctive title: Gay     news.,,,,,,,,Lesbianism,Pennsylvania,,lcsh,Gay liberation movement,,,lcsh,,,,,,,,,Gay news,local,(OCoLC)3509532,,,,,preceding,Gay news,local,(OCoLC)3954894,,,,,succeeding,,,,,,,,,,,,,,,oclc,03010045,,,,,,,,,,,marcorg,PIT,marc,770602,iso8601,19990522220422.0,541069,"Converted from MARCXML to MODS version 3.5 using MARC21slim2MODS3-5.xsl
				(Revision 1.107 2016/1/7)",3.5,,,,PIT PITX,Gay Alternatives Pittsburgh,corporate,Homosexuality,Periodicals,lcsh,Periodicals,,,,,Periodicals,,,,,,,,,,,,,,,,,,,,,,,,,,,,,,,,,,,,,,,,,,,,,,,,,,Pennsylvania,Pittsburgh,Pittsburgh,,,,,,,,,,,,,,,,,,,,,,,,,,,,,,,,,,,,,,,,,,,,,,,,,,,,,,,,,,,,,,,,,,,,,,,,,,,,,,,,,,,,,,,,,,,,,,,,,,,,,,,,,,,,,,,,
,Pittsburgh gay news,Gay news,,alternative,PGN,alternative,,,text,marcgt,newspaper,rdacontent,text,code,marccountry,pau,,,,,,,marc,start,1973,marc,end,1976,serial,Monthly,,,,iso639-2b,code,eng,marccategory,electronic resource,1 online resource (volumes) : illustrations.,date/sequential designation,Began with no. 4 (June 1973); ceased with no. 36 (Sept. 1976).,No. 22-36 include Section B which has distinctive title: Gay news.,Reproduction of the original from Lesbian Herstory Archives.,,,,,marcgac,n-us-pa,,,Newspapers,lcsh,Gays,Pennsylvania,Newspapers,lcsh,Lesbians,lcsh,,,,,electronic resource,http://pitt.idm.oclc.org/login?url=http://gdc.galegroup.com/gdc/artemis/atp/AboutThisPublicationPortletWin?mCode=6PLG&p=AHSI&prodId=AHSI&action=e&windowstate=normal&mode=view&userGroupName=upitt_main,Archives of Sexuality & Gender: LGBTQ History and Culture since 1940,,,,,,,series,,,,,,,,,,,,,,,,,,,,,,,oclc,952385348,,,,,,,,,,rda,marcorg,MIGCL,marc,770602,iso8601,20180627110604.0,9247458,"Converted from MARCXML to MODS version 3.5 using MARC21slim2MODS3-5.xsl
				(Revision 1.107 2016/1/7)",3.5,,,,,Gay Alternatives Pittsburgh,corporate,,,,,marcfrequency,Monthly,,,,,,,,,,,,,text,"Pittsburgh, Pennsylvania :",Gay Alternatives Pittsburgh,,publication,marcsmd,remote,media,rdamedia,computer,carrier,rdacarrier,online resource,,,Pennsylvania,Newspapers,Pennsylvania,Newspapers,lcsh,Pennsylvania,Newspapers,lcsh,primary display,Pitt users please click through for access via Gale Cengage.,,,,iso639-2b,code,eng,,,,,,,,,,,,,,,,,,,,,,,Pittsburgh,,,text,issuing body.,,,,,Gay Alternatives Pittsburgh,corporate,,,Gay community,Homosexuality,,,,,,,,Lesbianism,Newspapers,lcsh,Gay liberation movement,Newspapers,lcsh,Gay activists,Newspapers,lcsh,Gay liberation movement,Newspapers,lcsh,Gay bars,Newspapers,lcsh,,,,,,,,Pittsburgh,,,,,,,,,,,,,,,Pittsburgh,Pittsburgh,Pennsylvania,Pittsburgh,Pennsylvania,Pittsburgh,Pennsylvania,Pittsburgh,Pennsylvania,Pittsburgh,Gay business enterprises,Pennsylvania,Pittsburgh,Newspapers,lcsh,Pittsburgh (Pa.),Newspapers,lcsh,,,,,,,,,,,,,,,,,,,,,,,,,
,Out,Pittsburgh's Out,,alternative,Out Magazine,alternative,"Out (Pittsburgh, Pa.)",uniform,text,marcgt,periodical,,,code,marccountry,pau,text,"Pittsburgh, Pa",,,GNC.,,,,,marc,start,1979,serial,Monthly,,,,iso639-2b,code,eng,marcform,print,v. : ill. ; 26 cm.,date/sequential designation,No. 32 (Nov. 1979)-,770=Supplement/special Issue Entry.,,,,,,marcgac,n-us-pa,Homosexuality,Pennsylvania,,lcsh,,,,,,,,,,,,,Gay life,local,(OCoLC)3831941,,,,,constituent,Out and about,local,(OCoLC)7760230,local,(DLC)sn86038125,,,constituent,,Gay life,local,(OCoLC)3831941,preceding,,,,,,,,,,lccn,sn 86038120,oclc,05737007,,,,,,,,,marcorg,PIT,marc,791128,iso8601,20121114185552.0,546125,"Converted from MARCXML to MODS version 3.5 using MARC21slim2MODS3-5.xsl
				(Revision 1.107 2016/1/7)",3.5,,,,PIT PITX,,,,,,Periodicals,marcfrequency,Monthly,,,,,,,,,,,,,,,,,,,,,,,,,,,,,,,,,,,,,,,,,,,,,,,,,,,,,,,Pittsburgh,1979-,marc,end,9999,,,,,,,,,,,,,,,,,,,,,,,,,,,,,,,,,,,,,,,,,,,,,,,,,,,,,,,,,,,,,,,,,,,,,,,,,,,,,,,,,,,,,,,,,,,,,,,,,,,,,,,,,,,,
,Planet queer,,,,,,,,text,marcgt,periodical,,,code,marccountry,pau,text,"Pittsburgh, Pa",,,Planet Queer,,,,,marc,start,1994,serial,Monthly,,,,iso639-2b,code,eng,marcform,print,v. : ill. ; 39 cm.,date/sequential designation,"Vol. 1, no. 1 (Apr. 1994)-","""Pittsburgh's new lesbian, gay, and bisexual news tabloid.""",Title from caption.,,,,,marcgac,n-us-pa,Gays,Pennsylvania,,lcsh,Lesbians,Pennsylvania,,lcsh,Gays,lcsh,,,,,,,,,,,,,,,,,,,,,,,,,,,,,,,,,,,,,lccn,sn 95042128,oclc,32300095,,,,,,,,aacr,marcorg,PIT,marc,950413,iso8601,19990522225058.0,1517833,"Converted from MARCXML to MODS version 3.5 using MARC21slim2MODS3-5.xsl
				(Revision 1.107 2016/1/7)",3.5,,,,,,,,,,Periodicals,marcfrequency,Monthly,,,Periodicals,,,,,,,,,,,,,,,,,,,,,,,,,United States,,,,,,,,,,,,,,,,,,marcgac,n-us---,,,Periodicals,,,,,Pittsburgh Metropolitan Area,c1994-,marc,end,9999,,,,,,,Pittsburgh Metropolitan Area,,,,,,,,,,,,,,,,,,,,,,,,,,,,,,,,,,,,,,,,,,,,,,,,,,,,,,,,,,,,,,,,,,,,,,,,,,,,,,,,,,,,,,,,,,,,,,,,,,,,,
The,TV-TS tapestry,Transvestite transsexual tapestry,,alternative,Tapestry,alternative,Tapestry journal,alternative,text,marcgt,periodical,marcgt,directory,code,marccountry,mau,,,,,,,marc,start,198u,marc,end,1995,serial,Quarterly,,,,iso639-2b,code,eng,marcform,print,volumes : illustrations ; 28 cm,date/sequential designation,-issue 73 (Fall 1995).,"""The journal for persons interested in crossdressing & transexualism.""",Title varies slightly.,"Published: Waltham, Mass., 1995.","Issued by: I.F.G.E., Inc., (the International Foundation for Gender Education), Waltham, Massachusetts, issue 71 (Spring 1995)-issue 73 (Fall 1995).","Issued by: I.F.G.E., Inc., (the International Foundation for Gender Education), Wayland, Massachusetts, issue 52 (Â©1988)?-issue 69 (Fall 1994).",,,,Transsexuals,,Periodicals,lcsh,Cross-dressing,,Directories,lcsh,Transsexuals,lcsh,lcc,HQ77 .T37,,,,,TV-TS tapestry,local,(OCoLC)606565921,,,,,otherFormat,TV-TS tapestry,local,(OCoLC)607686980,,,,,otherFormat,Online version:,"Tapestry (Wayland, Mass.)",issn,0884-9749,preceding,,Transgender tapestry,issn,1083-0006,local,(DLC)sf 96092749,succeeding,,,issn,0884-9749,lccn,2001227005,oclc,,ocm19239541,oclc,19239541,,,rda,marcorg,UIU,marc,890220,iso8601,20180424131444.0,9194962,"Converted from MARCXML to MODS version 3.5 using MARC21slim2MODS3-5.xsl
				(Revision 1.107 2016/1/7)",3.5,,,,,International Foundation for Gender Education,corporate,Cross-dressing,,lcsh,,marcfrequency,Quarterly,,,"Societies, etc",,,,,,,,,,text,"Waltham, Massachusetts :","I.F.G.E., Inc.,",[1995],publication,rdamedia,unmediated,carrier,rdacarrier,volume,,,,,,,Directories,,,fast,,,fast,,,,,,iso639-2b,code,eng,,,,,,,"Societies, etc",,,,,,,,,,,,,,,yes,,,,,,rdacontent,text,,,,,,,Cross-dressing,Transsexuals,,,,,,,,,,,,,,,,,,,,,,,Periodicals,,,,fast,Directories.,media,,,TV-TS tapestry journal,alternative,,,,,,,,,,,,,,,,,,,,,,,,,,,,,,fast,Periodicals.,text,"Wayland, Massachusetts :","I.F.G.E., Inc.,",[1988?]-[1994],publication,text,"Wayland, Mass. :","Tiffany Club,",[198u]-[1987?],publication,Online version:,local,(DLC)sf 94095161,local,(OCoLC)12536412,local,(OCoLC)32692689,,,,,,
,Transgender tapestry,Tapestry,,alternative,Transgender winter 1995,alternative,,,text,marcgt,periodical,marcgt,review,code,marccountry,mau,,,,,,,marc,start,1995,marc,end,2008,serial,Quarterly,,,,iso639-2b,code,eng,marcform,electronic,,date/sequential designation,Print began with issue #74 (winter 1995); ceased with issue #115 in 2008.,,,,,,,,,Transsexualism,,Periodicals,lcsh,Cross-dressing,,Periodicals,lcsh,Gender identity,lcsh,lcc,HQ77 .T37,ddc,305,electronic resource,http://pitt.idm.oclc.org/login?url=https://search.proquest.com/publication/29627,Transgender tapestry,issn,1083-0006,local,(DLC)sf 96092749,local,(OCoLC)32692689,otherFormat,TV-TS tapestry,local,(DLC)  2018247577,local,(OCoLC)606565921,,,preceding,,,,,,,,,,,,,,,issn,1083-0006,,,,,,,,,,rda,marcorg,OCLCS,marc,950622,iso8601,20190314084520.0,4751558,"Converted from MARCXML to MODS version 3.5 using MARC21slim2MODS3-5.xsl
				(Revision 1.107 2016/1/7)",3.5,,,,,International Foundation for Gender Education,corporate,Transsexuals,,lcsh,,marcfrequency,Quarterly,,,,,,,,,,,,,text,"Waltham, MA :",I.F.G.E.,,publication,gmd,electronic resource,,marccategory,electronic resource,,marcsmd,remote,,,,Periodicals,,,,,,,primary display,Pitt users please click through to access via GenderWatch: 10/01/2005 to 07/31/2008,,,,iso639-2b,code,eng,,,,,,,,12,,,,,,,,,,,,,,yes,,,,text,issuing body.,rdacontent,text,,,,,,,Gender identity,Transsexualism,,,,,,,,Transsexuals,,,Cross-dressing,,,,,,,,,,,,Periodicals,,,,,Periodicals.,,,,,,,,,,,,,,,,,,,,,,,,,,,,,,,,,,,,Electronic journals.,,,,,,,,,,,Print version:,,,,,,,media,rdamedia,computer,carrier,rdacarrier,online resource
,Transvestia,,,,,,,,text,marcgt,periodical,rdacontent,text,code,marccountry,cau,,,,,,,marc,start,1952,marc,end,uuuu,serial,,,,,iso639-2b,code,eng,marcform,print,volumes : illustrations ; 21-28 cm,date/sequential designation,"Began with: Vol. 1, no. 1 (May 1952).","""Editor, Virginia Prince""--Page 1 of vol. 14, no. 84.",,,,,,,,Cross-dressers,,Periodicals,lcsh,Cross-dressers,,,fast,Cross-dressing,fast,,,,,,,Transvestia,local,(OCoLC)952387167,,,,,otherFormat,,,,,,,,,,,,,,,,,,,,,,,lccn,sn 88027179,oclc,ocm10363080,oclc,,10363080,,,,,rda,marcorg,CNO,marc,840201,iso8601,20180503102843.0,9194964,"Converted from MARCXML to MODS version 3.5 using MARC21slim2MODS3-5.xsl
				(Revision 1.107 2016/1/7)",3.5,,marcfrequency,Unknown,,"Prince, Virginia",personal,Cross-dressing,,lcsh,,,,,,,,,,,,,,,,text,"Los Angeles, California :","Chevalier Publications,",1952-,publication,rdamedia,unmediated,carrier,rdacarrier,volume,,,,,,,,,,,,,,,,,,,iso639-2b,code,eng,,,,,,,,,,,,,,,,,,,,,,,,,,text,editor.,fast,Periodicals.,,,,,,,,,,,,,,,,,,,,,,,,,,,,,,,Periodicals,,,,,,media,,,,,,,,,,,,,,,,,,,,,,,,,,,,,,,,,,,,,,,,,,,,,,Online version:,,,,,,,,,,,,
,Transvestia,,,,,,,,text,marcgt,periodical,rdacontent,text,code,marccountry,cau,,,,,,,marc,start,1952,marc,end,uuuu,serial,,,,,iso639-2b,code,eng,marccategory,electronic resource,1 online resource (volumes) : illustrations.,date/sequential designation,"Volume 1, issue 2 (January 1, 1952)-","Reproduction of the original from Gay, Lesbian, Bisexual, and Transgender Historical Society.",,,,,,,,,,,,,,,,,,,,,,electronic resource,http://pitt.idm.oclc.org/login?url=http://gdc.galegroup.com/gdc/artemis/atp/AboutThisPublicationPortletWin?mCode=9CVJ&p=AHSI&prodId=AHSI&action=e&windowstate=normal&mode=view&userGroupName=upitt_main,Archives of Sexuality & Gender: LGBTQ History and Culture since 1940,,,,,,,series,,,,,,,,,,,,,,,,,,,,,,,oclc,952387167,,,,,,,,,,rda,marcorg,MIGCL,marc,840201,iso8601,20180831074111.0,9248443,"Converted from MARCXML to MODS version 3.5 using MARC21slim2MODS3-5.xsl
				(Revision 1.107 2016/1/7)",3.5,,marcfrequency,Unknown,,,,Cross-dressing,,lcsh,,,,,,,,,,,,,,,,text,"[Los Angeles, California] :","[Chevalier Publications],",1952-,publication,marcsmd,remote,media,rdamedia,computer,carrier,rdacarrier,online resource,,,,,,,,,,,primary display,Pitt users please click through for access via Gale Cengage.,,,,iso639-2b,code,eng,,,,,,,,,,,,,,,,,,,,,,,,,,,,,,,,,,,,,,,,,,,,,,,,,,,,,,,,,,,,Periodicals,,,,,,,,,,,,,,,,,,,,,,,,,,,,,,,,,,,,,,,,,,,,,,,,,,,,,,,,,,,,,,,,
,Update,Pittsburgh AIDS Task Force update,,alternative,Update (Pittsburgh AIDS Task Force),uniform,,,text,marcgt,periodical,,,code,marccountry,pau,text,"Pittsburgh, Pa",,,The Task Force,,marc,start,198u,marc,end,9999,serial,"Bimonthly, Nov. 1991-","Quarterly,   -Sept. 1991",marcfrequency,Bimonthly,iso639-2b,code,eng,marcform,print,v. : ill. ; 28-45 cm.,statement of responsibility,newsletter of the Pittsburgh AIDS Task Force.,"Description based on: Vol. 3, no. 3 (Aug. 1989); title from caption.",,,,,,marcgac,n-us-pa,Periodicals,,,lcsh,AIDS (Disease),Pennsylvania,,lcsh,AIDS (Disease),lcsh,,,,,,,,,,,,,,,,,,,,,,,,,,,,,,,,,,,,,lccn,sn 94042045,oclc,29624781,,,,,,,,aacr,marcorg,PIT,marc,940113,iso8601,19990522225058.0,1146741,"Converted from MARCXML to MODS version 3.5 using MARC21slim2MODS3-5.xsl
				(Revision 1.107 2016/1/7)",3.5,,,,,Pittsburgh AIDS Task Force (Pa.),corporate,,,,,,,,,Patients,Services for,Periodicals,,,,,,,,,,,,,,,,,,,,,,,Pennsylvania,,,,,,,,,,,,,,,,,,,,,,Prevention,,,,,,,,,,,,,00,Periodicals,,Pittsburgh,,,,,,,,,Pittsburgh AIDS Task Force (Pa.),corporate,,,,,numbering,"Issue for June 1990 has no vol. or no. designation, but constitutes vol. 4, no. 2.",,,,,,,,,,,,,,,,,,,,,,,,,,,,,,,,,,,,,,,,,,,Pittsburgh,,,,,,,,,,,,,,,,,,,,,,,,,,,,,,,,,,,,,,,,,,
