titleInfo/0/title,titleInfo/1/title,titleInfo/1/_type,typeOfResource,genre/0/_authority,genre/0/__text,genre/1/_authority,genre/1/__text,genre/2/_authority,genre/2/__text,genre/3/_authority,genre/3/__text,originInfo/0/place/0/placeTerm/_type,originInfo/0/place/0/placeTerm/_authority,originInfo/0/place/0/placeTerm/__text,originInfo/0/place/1/placeTerm/_type,originInfo/0/place/1/placeTerm/__text,originInfo/0/publisher,originInfo/0/dateIssued/0,originInfo/0/dateIssued/1/_encoding,originInfo/0/dateIssued/1/_point,originInfo/0/dateIssued/1/__text,originInfo/0/dateIssued/2/_encoding,originInfo/0/dateIssued/2/_point,originInfo/0/dateIssued/2/__text,originInfo/0/issuance,originInfo/0/frequency/0,originInfo/0/frequency/1/_authority,originInfo/0/frequency/1/__text,language/languageTerm/_authority,language/languageTerm/_type,language/languageTerm/__text,physicalDescription/form/0/_authority,physicalDescription/form/0/__text,physicalDescription/form/1/_authority,physicalDescription/form/1/__text,physicalDescription/form/2/_authority,physicalDescription/form/2/__text,physicalDescription/form/3/_authority,physicalDescription/form/3/__text,physicalDescription/form/4/_type,physicalDescription/form/4/_authority,physicalDescription/form/4/__text,physicalDescription/form/5/_type,physicalDescription/form/5/_authority,physicalDescription/form/5/__text,note/0/_type,note/0/__text,note/1/_type,note/1/__text,note/2,note/3,note/4,note/5,note/6,subject/0/geographicCode/0/_authority,subject/0/geographicCode/0/__text,subject/1/topic/0,subject/1/geographic/0,subject/1/geographic/1,subject/1/genre/0,subject/1/_authority,subject/2/topic/0,subject/2/geographic/0,subject/2/genre/0,subject/2/_authority,subject/3/topic/0,subject/3/_authority,subject/4/topic/0,subject/4/_authority,subject/5/topic/0,subject/5/geographic/0,subject/5/geographic/1,subject/5/genre/0,subject/5/_authority,subject/6/geographic/0,subject/6/topic/0,subject/6/genre/0,subject/6/_authority,subject/7/geographic/0,subject/7/genre/0,subject/7/_authority,subject/8/geographic/0,subject/8/geographic/1,subject/8/_authority,subject/9/geographic/0,subject/9/geographic/1,subject/9/_authority,subject/10/geographic/0,subject/10/_authority,subject/11/hierarchicalGeographic/country,subject/11/hierarchicalGeographic/state,subject/11/hierarchicalGeographic/county,subject/11/hierarchicalGeographic/city,location/0/url/_displayLabel,location/0/url/_usage,location/0/url/_note,location/0/url/__text,relatedItem/0/titleInfo/0/title,relatedItem/0/identifier/0/_type,relatedItem/0/identifier/0/__text,relatedItem/0/identifier/1/_type,relatedItem/0/identifier/1/__text,relatedItem/0/_type,relatedItem/0/_displayLabel,relatedItem/1/titleInfo/0/title,relatedItem/1/identifier/0/_type,relatedItem/1/identifier/0/__text,relatedItem/1/_type,relatedItem/1/_displayLabel,recordInfo/descriptionStandard,recordInfo/recordContentSource/_authority,recordInfo/recordContentSource/__text,recordInfo/recordCreationDate/_encoding,recordInfo/recordCreationDate/__text,recordInfo/recordChangeDate/_encoding,recordInfo/recordChangeDate/__text,recordInfo/recordIdentifier,recordInfo/recordOrigin,recordInfo/languageOfCataloging/languageTerm/_authority,recordInfo/languageOfCataloging/languageTerm/_type,recordInfo/languageOfCataloging/languageTerm/__text,_version,originInfo/0/dateIssued/0/_encoding,originInfo/0/dateIssued/0/_point,originInfo/0/dateIssued/0/__text,originInfo/0/frequency/1,originInfo/0/frequency/2,originInfo/0/frequency/3,originInfo/0/frequency/4/_authority,originInfo/0/frequency/4/__text,location/0/physicalLocation,location/1/physicalLocation,identifier/0/_type,identifier/0/__text,identifier/1/_type,identifier/1/__text,identifier/2/_type,identifier/2/__text,name/0/namePart/0,name/0/role/roleTerm/_type,name/0/role/roleTerm/__text,name/0/_type,originInfo/0/frequency/2/_authority,originInfo/0/frequency/2/__text,originInfo/1/place/0/placeTerm/_type,originInfo/1/place/0/placeTerm/__text,originInfo/1/publisher,originInfo/1/dateIssued/0,originInfo/1/_eventType,originInfo/2/place/0/placeTerm/_type,originInfo/2/place/0/placeTerm/__text,originInfo/2/publisher,originInfo/2/dateIssued/0,originInfo/2/_eventType,note/1,subject/0/geographicCode/1/_authority,subject/0/geographicCode/1/__text,subject/1/name/0/namePart/0,subject/1/name/0/_type,subject/2/name/0/namePart/0,subject/2/name/0/_type,subject/3/geographic/0,subject/3/geographic/1,subject/4/geographic/0,subject/4/geographic/1,subject/4/genre/0,subject/6/geographic/1,subject/7/topic/0,subject/8/topic/0,subject/9/topic/0,subject/10/topic/0,subject/11/topic/0,subject/11/_authority,subject/12/geographic/0,subject/12/topic/0,subject/12/genre/0,subject/12/_authority,subject/13/geographic/0,subject/13/geographic/1,subject/13/_authority,subject/14/geographic/0,subject/14/_authority,classification/0/_authority,classification/0/__text,classification/1/_authority,classification/1/_edition,classification/1/__text,relatedItem/0/identifier/2/_type,relatedItem/0/identifier/2/__text,identifier/0/_invalid,originInfo/0/frequency/0/_authority,originInfo/0/frequency/0/__text,note/3/_type,note/3/__text,subject/0/geographicCode/2/_authority,subject/0/geographicCode/2/__text,subject/2/temporal,subject/5/topic/1,subject/7/geographic/1,subject/13/topic/0,subject/14/topic/0,subject/14/genre/0,subject/15/geographic/0,subject/15/geographic/1,subject/15/_authority,subject/16/geographic/0,subject/16/_authority,relatedItem/0/originInfo/0/publisher,relatedItem/1/identifier/1/_type,relatedItem/1/identifier/1/__text,relatedItem/1/identifier/2/_type,relatedItem/1/identifier/2/__text,relatedItem/2/titleInfo/0/title,relatedItem/2/_type,physicalDescription/extent,subject/0/topic/0,subject/0/topic/1,subject/0/_authority,titleInfo/0/nonSort,name/0/namePart/1,note/2/_type,note/2/__text,identifier/2/_invalid,identifier/3/_type,identifier/3/__text,name/1/namePart/0,name/1/namePart/1,name/1/_type,physicalDescription/reformattingQuality,identifier/1/_invalid,note/4/_type,note/4/__text,genre/4/_authority,genre/4/__text,genre/5/_authority,genre/5/__text,genre/6/_authority,genre/6/__text,genre/7/_authority,genre/7/__text,subject/3/genre/0,subject/8/hierarchicalGeographic/country,subject/8/hierarchicalGeographic/state,subject/8/hierarchicalGeographic/county,subject/8/hierarchicalGeographic/city,relatedItem/2/identifier/0/_type,relatedItem/2/identifier/0/__text,relatedItem/3/originInfo/0/publisher,relatedItem/3/identifier/0/_type,relatedItem/3/identifier/0/__text,relatedItem/3/_type,relatedItem/0/part/detail/number,relatedItem/0/part/detail/_type,originInfo/0/frequency/3/_authority,originInfo/0/frequency/3/__text,physicalDescription/form/2/_type,physicalDescription/form/3/_type,subject/0/genre/0,titleInfo/0/subTitle,subject/0/geographic/0,subject/0/geographic/1,note/0,titleInfo/1/_displayLabel,titleInfo/2/title,titleInfo/2/_type,name/2/namePart/0,name/2/_type,subject/7/topic/1,subject/8/genre/0,subject/15/topic/0,subject/16/topic/0,subject/16/geographic/1,subject/17/geographic/0,subject/17/topic/0,subject/17/temporal,subject/17/genre/0,subject/17/_authority,subject/18/geographic/0,subject/18/geographic/1,subject/18/_authority,subject/19/geographic/0,subject/19/_authority,titleInfo/2/_displayLabel,titleInfo/3/title,titleInfo/3/_type,name/3/namePart/0,name/3/_type,note/5/_type,note/5/__text,subject/14/temporal,classification/0/_edition,subject/1/hierarchicalGeographic/country,subject/1/hierarchicalGeographic/state,subject/1/hierarchicalGeographic/county,subject/1/hierarchicalGeographic/city,subject/7/hierarchicalGeographic/country,subject/7/hierarchicalGeographic/state,subject/7/hierarchicalGeographic/county,subject/7/hierarchicalGeographic/city,relatedItem/0/name/0/namePart/0,subject/0/hierarchicalGeographic/country,subject/0/hierarchicalGeographic/state,subject/0/hierarchicalGeographic/county,subject/0/hierarchicalGeographic/city,location/0/shelfLocator,location/1/shelfLocator,location/2/physicalLocation,location/2/shelfLocator,note/6/_type,note/6/__text,subject/2/hierarchicalGeographic/country,subject/2/hierarchicalGeographic/state,subject/2/hierarchicalGeographic/county,subject/2/hierarchicalGeographic/city,titleInfo/2/subTitle,originInfo/0/edition,note/0/_altRepGroup,subject/1/titleInfo/0/title,subject/2/topic/1,subject/2/geographic/1,subject/3/topic/1
Ann Arbor argus,Ann Arbor argus (1969),uniform,text,marcgt,newspaper,rdacontent,text,,Newspapers.,,Student protest literature-Newspapers.,code,marccountry,miu,text,"Ann Arbor, Mich","Ken Kelley, David Baker",1969-,marc,start,1969,marc,end,1971,serial,Biweekly,marcfrequency,Biweekly,iso639-2b,code,eng,marcform,electronic,gmd,electronic resource,marccategory,electronic resource,marcsmd,remote,media,rdamedia,unmediated,carrier,rdacarrier,volume,date/sequential designation,"Vol. 1, no. 1 (January 24-February 7, 1969)-",date/sequential designation,Ceased in 1971?,"Published by: Ann Arbor Argus Newspaper, Dec. 4, 1969-","""Ann Arbor's Revolutionary Community Bi-weekly.""",Title from cover.,"Special repression issue, Mar. 13-27, 1969.","Special people's peace treaty conference, supplement, Feb. 5-7, 1971.",marcgac,n-us-mi,Subculture,Michigan,Ann Arbor,Newspapers,lcsh,Underground press publications,United States,Newspapers,lcsh,Subculture,,Underground press publications,,Counter culture,Michigan,Ann Arbor,Newspapers,,Ann Arbor (Mich.),In popular culture,Newspapers,lcsh,Washtenaw County (Mich.),Newspapers,lcsh,Michigan,Ann Arbor,,Michigan,Washtenaw County,,United States,,United States,Michigan,Washtenaw,Ann Arbor,electronic resource,primary display,Pitt users please click through to access via Independent Voices: 1969 to 06/30/1971,http://pitt.idm.oclc.org/login?url=http://voices.revealdigital.com/cgi-bin/independentvoices?a=cl&cl=CL1&ai=1&sp=BEIBCAC,Ann Arbor argus (1969),local,(DLC)sn 97063326,local,(OCoLC)875198240,otherFormat,Online version:,Ann Arbor argus,local,(OCoLC)48844398,otherFormat,Microfilm version:,aacr,marcorg,MUL,marc,750727,iso8601,20181218082853.0,9040515,"Converted from MARCXML to MODS version 3.5 using MARC21slim2MODS3-5.xsl
				(Revision 1.107 2016/1/7)",iso639-2b,code,eng,3.5,,,,,,,,,,,,,,,,,,,,,,,,,,,,,,,,,,,,,,,,,,,,,,,,,,,,,,,,,,,,,,,,,,,,,,,,,,,,,,,,,,,,,,,,,,,,,,,,,,,,,,,,,,,,,,,,,,,,,,,,,,,,,,,,,,,,,,,,,,,,,,,,,,,,,,,,,,,,,,,,,,,,,,,,,,,,,,,,,,,,,,,,,,,,,,,,,,,,,,,
Berkeley barb,,,text,marcgt,periodical,,,,,,,code,marccountry,cau,text,"Berkeley, Calif",International News Keyus],,marc,end,1980,,,,serial,"Biweekly, <,Apr. 10-23, 1980->",,,iso639-2b,code,eng,marcform,print,,,,,,,,,,,,,date/sequential designation,1-   1965-,date/sequential designation,"Suspended publication as of the July 4, 1980, issue.",,,,,,,,,,,,,,,,,,,,,,,,,,,,,,,,,,,,,,,,,,,,,,,,,,,,,,,,,,,,,,marcorg,MUL,marc,750807,iso8601,19990522220422.0,520164,"Converted from MARCXML to MODS version 3.5 using MARC21slim2MODS3-5.xsl
				(Revision 1.107 2016/1/7)",,,,3.5,marc,start,1965,"Weekly, 1980-","Biweekly, 1978-","Weekly, 1965-1978",marcfrequency,Bimonthly,PIT PITT,PIT PITX,issn,0005-9161,lccn,sn 78001858,oclc,01519563,,,,,,,,,,,,,,,,,,,,,,,,,,,,,,,,,,,,,,,,,,,,,,,,,,,,,,,,,,,,,,,,,,,,,,,,,,,,,,,,,,,,,,,,,,,,,,,,,,,,,,,,,,,,,,,,,,,,,,,,,,,,,,,,,,,,,,,,,,,,,,,,,,,,,,,,,,,,,,,,,,,,,,,,,,,,,,,,,,,,,,,
Berkeley barb,,,text,marcgt,periodical,rdacontent,text,,Electronic journals.,,Newspapers.,code,marccountry,cau,,,,,marc,end,1980,,,,serial,"Biweekly, Oct. 12, 1978-July 3, 1980",,,iso639-2b,code,eng,marcform,electronic,gmd,electronic resource,marccategory,electronic resource,marcsmd,remote,media,rdamedia,computer,carrier,rdacarrier,online resource,date/sequential designation,"Began with: Vol. 1, no. 1 (Aug. 13, 1965); ceased with: Vol. 30, no. 24 (July 3, 1980).",,,,,,,,marcgac,n-us-ca,,,,Newspapers,lcsh,,,,,Underground press publications,lcsh,Student movements,lcsh,Counterculture,California,Berkeley,Newspapers,lcsh,California,Political activists,Newspapers,lcsh,,,,,,,,,,,,,,,,electronic resource,primary display,Pitt users please click through to access via Independent Voices: 08/13/1965 to 07/03/1980,http://pitt.idm.oclc.org/login?url=http://voices.revealdigital.com/cgi-bin/independentvoices?a=cl&cl=CL1&ai=1&sp=BFBJFGD,Berkeley barb,issn,0005-9161,local,(DLC)   72008026,otherFormat,Print version:,,,,,,rda,marcorg,UKAMD,marc,120419,iso8601,20190513110131.0,8826051,"Converted from MARCXML to MODS version 3.5 using MARC21slim2MODS3-5.xsl
				(Revision 1.107 2016/1/7)",iso639-2b,code,eng,3.5,marc,start,1965,"Weekly, Aug. 13, 1965-Sept. 29, 1978",,,,,,,issn,0005-9161,,,,,"Scherr, Max.",text,Editor.,personal,marcfrequency,Biweekly,text,"Berkeley, CA :","Max Scherr,",1965-1980.,publication,text,"Berkeley, California :",International News Keyus,,publication,"Editor and publisher, Max Scherr.",marcgac,n-us---,"University of California, Berkeley",corporate,"University of California, Berkeley.",corporate,California,Berkeley,California,Berkeley,Newspapers,Berkeley,Counterculture,Political activists,Politics and government,Student movements,Underground press publications,,United States,Politics and government,Newspapers,lcsh,California,Berkeley,,United States,,lcc,AP2 B4563,ddc,23,306.105,local,(OCoLC)1519563,yes,,,,,,,,,,,,,,,,,,,,,,,,,,,,,,,,,,,,,,,,,,,,,,,,,,,,,,,,,,,,,,,,,,,,,,,,,,,,,,,,,,,,,,,,,,,,,,,,,,,,,,,,,,,,,,,,,,,,,,,,,,,,,,,,,,,
Berkeley tribe,,,text,marcgt,newspaper,,,,,,,code,marccountry,cau,text,"Berkeley, California",,,marc,end,1972,,,,serial,,,,iso639-2b,code,eng,marcform,print,,,,,,,,,,,,,date/sequential designation,1-   1969-,date/sequential designation,"Ceased publication May, 1972. New serial titles.",,,,,,,,,,,,,,,,,,,,,,,,,,,,,,,,,,,,,,,,,,,,,,,,,,,,,,,,,,,,,,marcorg,MUL,marc,750807,iso8601,19990522220422.0,520166,"Converted from MARCXML to MODS version 3.5 using MARC21slim2MODS3-5.xsl
				(Revision 1.107 2016/1/7)",,,,3.5,marc,start,1969,,,,,,PIT PITX,,issn,0005-9188,oclc,01519569,,,Red Mountain tribe,,,corporate,,,,,,,,,,,,,,,,,,,,,,,,,,,,,,,,,,,,,,,,,,,,,,,,,marcfrequency,Weekly,,,,,,,,,,,,,,,,,,,,,,,,,,,,,,,,,,,,,,,,,,,,,,,,,,,,,,,,,,,,,,,,,,,,,,,,,,,,,,,,,,,,,,,,,,,,,,,,,,,,,,,,,,,,,,,,,,,,,,,,,,,,,,,,,
Berkeley tribe,,,text,marcgt,newspaper,rdacontent,text,,Newspapers.,,,code,marccountry,cau,,,,,marc,end,1972,,,,serial,"Biweekly, Feb. 3, 1972-",,,iso639-2b,code,eng,marcform,electronic,gmd,electronic resource,marccategory,electronic resource,marcsmd,remote,media,rdamedia,computer,carrier,rdacarrier,online resource,date/sequential designation,"Began with: Vol. 1, no. 2 (July 10-24, 1969); Ceased in May, 1972.",,,"""Published by the staff of the former Barb""",,,,,marcgac,n-us-ca,,,,,,,,,,Underground press publications,lcsh,Student movements,lcsh,"Vietnam War, 1961-1975",California,Berkeley,Newspapers,lcsh,California,Counterculture,Newspapers,lcsh,California,Newspapers,lcsh,,,,,,,,,,,,,electronic resource,primary display,Pitt users please click through to access via Independent Voices: 07/10/1969 to 05/31/1972,http://pitt.idm.oclc.org/login?url=http://voices.revealdigital.com/cgi-bin/independentvoices?a=cl&cl=CL1&ai=1&sp=BFBJFGJ,Telly gazette,,,,,constituent,,Berkeley tribe,issn,0005-9188,otherFormat,Print version:,rda,marcorg,UKAMD,marc,120419,iso8601,20190513110134.0,8826053,"Converted from MARCXML to MODS version 3.5 using MARC21slim2MODS3-5.xsl
				(Revision 1.107 2016/1/7)",iso639-2b,code,eng,3.5,marc,start,1969,"Weekly, July 10, 1969-Jan. 28, 1972",,,,,,,issn,0005-9188,,,,,Red Mountain Tribe,,,corporate,marcfrequency,Biweekly,text,"[Berkeley, CA] :","[Red Mountain Tribe],",[1969-1972].,publication,,,,,,Masthead ornament: Eagle and snake entwined.,marcgac,n-us---,Vietnam War (1961-1975),conference,,,California,Berkeley,California,Berkeley,Newspapers,Berkeley,Political activists,Counterculture,Political activists,Politics and government,Protest movements,,,Student movements,,,,,,United States,lcsh,lcc,AP2,ddc,23,306.105,,,yes,,,numbering,"Special last issue, May, 1972.",marcgac,a-vt---,1961-1975,Protest movements,Berkeley,Underground press publications,Politics and government,Newspapers,California,Berkeley,,United States,,"Oct. 10-16, 1969.",local,(DLC)sn 87060230,local,(OCoLC)1519569,Barb on strike,preceding,,,,,,,,,,,,,,,,,,,,,,,,,,,,,,,,,,,,,,,,,,,,,,,,,,,,,,,,,,,,,,,,,,,,,,,,,,,,,,,,,,,,,,,,,,,,,,,,,,,,,,,,,,,
Bilalian news,,,text,marcgt,periodical,,,,,,,code,marccountry,ilu,text,Chicago,"Bilalian News, inc.",,marc,end,1981,,,,serial,Weekly,marcfrequency,Weekly,iso639-2b,code,eng,marcform,print,,,,,,,,,,,,,date/sequential designation,"v. 1-6; Nov. 14, 1975-Oct. 30, 1981.",,,,,,,,,,African American newspapers,,,,lcsh,,,,,,,,,,,,,,,,,,,,,,,,,,,,,,,,,,,,,Muhammad speaks,local,(OCoLC)1758821,,,preceding,,World Muslim news,issn,0744-0014,succeeding,,,marcorg,CWR,marc,770518,iso8601,20010713111527.0,541008,"Converted from MARCXML to MODS version 3.5 using MARC21slim2MODS3-5.xsl
				(Revision 1.107 2016/1/7)",,,,3.5,marc,start,1975,,,,,,PIT PITX,,issn,0161-8644,lccn,sn 78004682,oclc,02975269,,,,,,,,,,,,,,,,,,,,,,,,,,,,,,,,,,,,,,,,,,,,,,,,,,,,,,,,,,,,,,,,,,,,,,,local,(OCoLC)7966890,,,,,6 v. ill. 39 cm.,Black Muslims,Periodicals,lcsh,,,,,,,,,,,,,,,,,,,,,,,,,,,,,,,,,,,,,,,,,,,,,,,,,,,,,,,,,,,,,,,,,,,,,,,,,,,,,,,,,,,,,,,,,,,,,,,,,,,,,,,
Black panther,,,text,marcgt,periodical,,,,,,,code,marccountry,cau,text,"Oakland, Calif., etc.]","Black Panther Party, Ministry of Information.",,marc,end,1980,,,,serial,,,,iso639-2b,code,eng,marcform,print,,,,,,,,,,,,,date/sequential designation,"v. 1-20, no. 9; 1967-Sept. 1980.",,,,,,,,marcgac,n-us---,,,,,,,,,,,,,,,,,,,,,,,,,,,,,,,,,,,,,,,,,,,,,,,,,,,,,,,marcorg,PIT,marc,760620,iso8601,19990522220422.0,533127,"Converted from MARCXML to MODS version 3.5 using MARC21slim2MODS3-5.xsl
				(Revision 1.107 2016/1/7)",,,,3.5,marc,start,1967,,,,,,PIT PITX,,issn,0523-7238,lccn,74008013,lccn,sn 78005677,Black Panther Party,,,corporate,,,,,,,,,,,,,"""Black community news service.""",,,,,,,,,,,,,,,,,,,,,,,,,,,,lcc,AP2 .B612,ddc,,323.2/0973,,,,marcfrequency,Weekly,,,,,,,,,,,,,,,,,,,,,,,v. ill. (part col.) 45 cm.,,,,The,Ministry of Information.,additional physical form,Available on microfilm from University Microfilms.,yes,oclc,02258393,,,,,,,,,,,,,,,,,,,,,,,,,,,,,,,,,,,,,,,,,,,,,,,,,,,,,,,,,,,,,,,,,,,,,,,,,,,,,,,,,,,,,,,,,,,,,,,,
black panther,,,text,,,,,,,,,code,marccountry,vau,text,"Oakland, Calif","Black Panther Party, Ministry of Information.",,,,,,,,serial,,,,iso639-2b,code,eng,marcform,electronic,marccategory,electronic resource,marcsmd,remote,,,,,,,,,date/sequential designation,v. 1 no 1 (Jan. 1967)-,,,,,,,,marcgac,n-us-ca,,,,Newspapers,lcsh,African Americans,California,Newspapers,lcsh,Underground press publications,lcsh,,lcsh,,Alameda County (Calif.),,Newspapers,lcsh,,,,,,,,,,,,,,,,,,,,electronic resource,primary display,Pitt users please click through to access via Alexander Street Press.,http://pitt.idm.oclc.org/login?url=http://www.aspresolver.com/aspresolver.asp?BLTC;S17112,,local,(DLC)   74008013,,,otherFormat,,Black thought and culture,,,series,,,marcorg,PPiU,marc,760620,iso8601,20120903200850.0,6091580,"Converted from MARCXML to MODS version 3.5 using MARC21slim2MODS3-5.xsl
				(Revision 1.107 2016/1/7)",,,,3.5,marc,start,2008,,,,,,,,lccn,74008013,lccn,sn 78005677,,,"Hillard, David.",,,personal,,,,,,,,,,,,,"The Alexander Street Press database, Black thought and culture, includes 452 issues of this newspaper.  For article level access please search the database.",,,Black Panther Party,corporate,,,California,,Oakland (Calif.),,Newspapers,,,,,,,,,,,,,,,,,lcc,AP2 .B612,ddc,,323.2/0973,,,,,,,,,,,,,,,,,,,,,,,,,,,,v. : ill. (some col.) ; 45 cm.,,,,The,,reproduction,"Electronic reproduction. Alexandria, VA : Alexander Street Press, 2006. (Black thought and culture). Available via World Wide Web.",,,,Black Panther Party,Ministry of Information.,corporate,access,yes,,,,,,,,,,,,,,,,,,,,,,,,,,,,,,,,,,,,,,,,,,,,,,,,,,,,,,,,,,,,,,,,,,,,,,,,,,,,,,,,,,,,,,,,,,,
Black panther,,,text,marcgt,newspaper,,,,,,,code,marccountry,ohu,text,"Oakland, Calif",[Black Panther Party],1967-,marc,start,1967,marc,end,1980,serial,,,,iso639-2b,code,eng,marcform,microfilm,gmd,microform,,,,,,,,,,,date/sequential designation,Began with vol. 1 (1967).,date/sequential designation,"Ceased with vol. 20, no. 9 (Sept. 1980).","Description based on: Vol. 1, no. 5 (July 20, 1967).","""Black community news service.""",,,,marcgac,n-us---,African Americans,,,Periodicals,lcsh,,,,,,,,,,,,,,,,,,,,,,,,,,,,,,,,,,,,,Black panther,local,(OCoLC)2258393,,,otherFormat,,Underground newspaper collection,,,series,,,marcorg,PIT,marc,820401,iso8601,20011106030020.0,550016,"Converted from MARCXML to MODS version 3.5 using MARC21slim2MODS3-5.xsl
				(Revision 1.107 2016/1/7)",,,,3.5,,,,,,,,,PIT PIT2,,issn,0523-7238,oclc,08299802,,,Black Panther Party,,,corporate,,,,,,,,,,,,,,,,,,,,,,,,,,,,,,,,,,,,,,,,,,,,,,,,,marcfrequency,Unknown,,,,,,,,,,,,,,,,,,,,,,,20 v. : ill. ; 45 cm.,,,,The,,,,,,,,,,,,reproduction,"Microfilm. Wooster, Ohio : Micro Photo Division, Bell & Howell.  microfilm reels ; 35 mm. (Underground newspaper collection)",,,,,,,,,,,,,,,,,,,,,,,,,,,,,,,,,,,,,,,,,,,,,,,,,,,,,,,,,,,,,,,,,,,,,,,,,,,,,,,,,,,,,,,,,
East village other,,,text,marcgt,newspaper,,,,,,,code,marccountry,nyu,text,New York,,,marc,end,9999,,,,serial,,,,iso639-2b,code,eng,marcform,print,,,,,,,,,,,,,,,,,,,,,,,,,,,,,,,,,,,,,,,,,,,,,,,,,,,,,,,,,,,,,,,,,,,,,,,,,,,,,,marcorg,MUL,marc,750824,iso8601,19990522220422.0,521532,"Converted from MARCXML to MODS version 3.5 using MARC21slim2MODS3-5.xsl
				(Revision 1.107 2016/1/7)",,,,3.5,marc,start,1uuu,,,,,,PIT PITX,,issn,0012-8562,oclc,01567261,,,,,,,,,,,,,,,,,,,,,,,,,,,,,,,,,,,,,,,,,,,,,,,,,,,,,,,marcfrequency,Unknown,,,,,,,,,,,,,,,,,,,,,,,,,,,,,,,,,,,,,,,,,,,,,,,,,,,,,,,,,,,,,,,,,,,,,,,,,,,,,,,,,,,,,,,,,,,,,,,,,,,,,,,,,,,,,,,,,,,,,,,,,,,,,,,,,
East Village other,Other,alternative,text,marcgt,newspaper,rdacontent,text,,Annotations (Provenance)-20th century.,,Periodicals-U.S.A.-1965-1972.,code,marccountry,nyu,text,"New York, N.Y",Joint College Patarealism,1965-1972,marc,start,1965,marc,end,1972,serial,"Biweekly, July 21/28, 1971-1972",,,iso639-2b,code,eng,marcform,electronic,gmd,electronic resource,marccategory,electronic resource,marcsmd,remote,media,rdamedia,unmediated,carrier,rdacarrier,volume,date/sequential designation,"Vol. 1, no. 1 (Oct. [1965])-v. 7, no. 3 (Feb. 20, 1972).",,,"Published at: 105 Second Ave., New York, N.Y. 10003.","Issued by: East Village Other, Inc., <Jan. 1966->","Includes a monthly comic supplement: Gothic blimp works, <Mar. 1969>-","Includes a monthly arts supplement: Ego, a review of the arts, <Oct. 1967>-",,marcgac,n-us-ny,Underground press publications,New York (State),New York,Sources,lcsh,Underground press publications,,,,Counter culture,,,lcsh,,New York County (N.Y.),,Newspapers,lcsh,New York (State),,,,New York (State),,,,,,,,,,,,,,,electronic resource,primary display,Pitt users please click through to access via Independent Voices: 10/01/1965 to 02/20/1972,http://pitt.idm.oclc.org/login?url=http://voices.revealdigital.com/cgi-bin/independentvoices?a=cl&cl=CL1&ai=1&sp=BFGHCGB,Gothic blimp works,local,(DLC)sn 94024605,local,(OCoLC)15501770,constituent,,,local,(OCoLC)8419579,otherFormat,,aacr,marcorg,MUL,marc,750824,iso8601,20190314082306.0,8935727,"Converted from MARCXML to MODS version 3.5 using MARC21slim2MODS3-5.xsl
				(Revision 1.107 2016/1/7)",iso639-2b,code,eng,3.5,,,,"Monthly, Oct. 1965-Jan. 1966","Semimonthly, Feb. 1, 1966-Jan. 1, 1968","Weekly, Jan. 5, 1968-July 14, 1971",marcfrequency,Biweekly,,,issn,0012-8562,issn,0012-8562,,,,,,,,,,,,,,,,,,,"Published as: The Other, <Sept. 6-13, 1968>.",,,,,,,New York,,New York (N.Y.),,Newspapers,New York,,,,,,,,,,,,,,,,lcc,AP2 .E158,,,,,,,,,,,,,,,New York County,,,,,,,,,,,,,,,otherFormat,,,,,The,,,,,,,,,,,yes,,,,Newspapers.,,Sources.,,Underground newspapers-New York.,,Protest literature.,Newspapers,United States,New York,New York,New York,local,(OCoLC)1567261,UMI,local,(OCoLC)10261290,otherFormat,,,,,,,,,,,,,,,,,,,,,,,,,,,,,,,,,,,,,,,,,,,,,,,,,,,,,,,,,,,,,,,,,,,,,,
Fifth estate,Fifth estate,abbreviated,text,marcgt,newspaper,,,,,,,code,marccountry,miu,text,"Detroit, Mich",Fifth Estate Newspaper.,,marc,end,9999,,,,serial,"Quarterly <, July 1981->",,,iso639-2b,code,eng,marcform,print,,,,,,,,,,,,,,,,,,,,,,,,,,,,,,,,,,,,,,,,,,,,,,,,,,,,,,,,,,,,,,,,,Alternative press index,,,,,isReferencedBy,,,,,,,,marcorg,MUL,marc,750824,iso8601,20121114185436.0,521915,"Converted from MARCXML to MODS version 3.5 using MARC21slim2MODS3-5.xsl
				(Revision 1.107 2016/1/7)",,,,3.5,marc,start,19uu,"Bimonthly <, Nov. 13, 1978->",,,,,PIT PITX,,issn,0015-0800,lccn,sn 78001268,oclc,01569163,,,,,marcfrequency,Quarterly,,,,,,,,,,,,,,,,,,,,,,,,,,,,,,,,,,,,,,,,,,,,,,,,,,,,,,,,,,,,,,,,,,,,,,,,,,,,,,,,,,,,,,,,,,,,,,,,,,,,,,,,,,,,,part,,,,,,,,,,,,,,,,,,,,,,,,,,,,,,,,,,,,,,,,,,,,,,,,,,,,,,,,,,,,,,,,,,,,
Fifth estate,,,text,marcgt,periodical,rdacontent,text,,,,,code,marccountry,miu,,,,,marc,end,uuuu,,,,serial,"Quarterly, 1982-",,,iso639-2b,code,eng,marccategory,electronic resource,marcsmd,remote,rdamedia,computer,rdacarrier,online resource,,,,,,,date/sequential designation,Began with 1966 issues.,,,,,,,,,,,,,,,,,,,,,,,,,,,,,,,,,,,,,,,,,,,,,,,electronic resource,primary display,Pitt users please click through for access via Gale Cengage.,http://pitt.idm.oclc.org/login?url=http://gdc.galegroup.com/gdc/artemis/atp/AboutThisPublicationPortletWin?mCode=6QHA&p=AHSI&prodId=AHSI&action=e&windowstate=normal&mode=view&userGroupName=upitt_main,Archives of Sexuality & Gender: LGBTQ History and Culture since 1940,,,,,series,,,,,,,rda,marcorg,MIGCL,marc,790125,iso8601,20180731084128.0,9248625,"Converted from MARCXML to MODS version 3.5 using MARC21slim2MODS3-5.xsl
				(Revision 1.107 2016/1/7)",iso639-2b,code,eng,3.5,marc,start,1966,"Irregular, Aug. 1975-1981","Semimonthly, <May 1970>-July 1975",,,,,,issn,0015-0800,issn-l,0015-0800,oclc,137344098,,,,,,,text,"Detroit, Michigan :",Fifth Estate Newspaper,,publication,,,,,,Reproduction of the original from Lesbian Herstory Archives.,,,,,,,,,,,,,,,,,,,,,,,,,,,,,,,,,,,,,,,,,,,,,,,,,,,,,,,,,,,,1 online resource (volumes) : illustrations.,Socialism,,lcsh,,,,,,,,,,,,,,,,,,,,,,,,,,,,,,,,,,,,marcfrequency,Quarterly,media,carrier,Periodicals,,,,,,,,,,,,,,,,,,,,,,,,,,,,,,,,,,,,,,,,,,,,,,,,,,,,,,,,,,,,,,,
Georgia straight,,,text,marcgt,newspaper,,,,,,,code,marccountry,ohu,text,Vancouver,Georgia Straight Publishing,1967-79,marc,start,1967,marc,end,1979,serial,Weekly,marcfrequency,Unknown,iso639-2b,code,eng,marcform,microfilm,gmd,microform,,,,,,,,,,,date/sequential designation,"Vol. 1 (May 5-18, 1967)-v.12 (May 24-30, 1979) = No. 1-600.",,,Supplements accompany some issues.,"Suspended for Jan. 20-27, 1972 issue which was published by the former staff of the Georgia Straight Publishing and called : the Georgia grape.",,,,,,,,,,,,,,,,,,,,,,,,,,,,,,,,,,,,,,,,,,,,,,,Vancouver free press,,,,,succeeding,,Underground newspaper collection,,,series,,,marcorg,AKR,marc,810526,iso8601,20070409133105.0,548826,"Converted from MARCXML to MODS version 3.5 using MARC21slim2MODS3-5.xsl
				(Revision 1.107 2016/1/7)",,,,3.5,,,,,,,,,,,issn,0016-8432,oclc,07445051,,,,,,,,,,,,,,,,,,,"At head of title, 1967-Jan. 13,1972: Vancouver free press.",,,,,,,,,,,,,,,,,,,,,,,,,,,,,,,,,,,,,,,,,,,,,,,,,,,,,,,,,,,,v. : ill. ; 29-58 cm.,Underground press publications,,lcsh,,,,,,,,,,,,,,,,,,,,,,,,,,,,,,,,,,,,,,,,,Vancouver's free press,British Columbia,Vancouver,,,,,,,,,,,,,,,,,,,,,,,,,,,,,,,,,,,,,,,,,,,,,,,,,,,,,,,,,,,,
Georgia straight,,,text,,,,,,,,,text,,S.l.],,,[s.n.],,marc,end,uuuu,,,,serial,,,,,,,marcform,electronic,gmd,electronic resource,marccategory,electronic resource,marcsmd,remote,,,,,,,,,,,,,,,,,,,,,,,,,,,,,,,,,,,,,,,,,,,,,,,,,,,,,,,electronic resource,primary display,Pitt users please click through to access via PressReader: 90 days ago to present,http://pitt.idm.oclc.org/login?url=http://www.pressreader.com/canada/the-georgia-straight,,,,,,,,,,,,,,marcorg,WaSeSS,marc,180512,iso8601,20180516095902.0,9224935,"Converted from MARCXML to MODS version 3.5 using MARC21slim2MODS3-5.xsl
				(Revision 1.107 2016/1/7)",,,,3.5,marc,start,uuuu,,,,,,,,,,,,,,NewspaperDirect (Firm),,,corporate,,,,,,,,,,,,,,,,,,,,,,,,,,,,,,,,,,,,,,,,,,,,,,,,,,,,,,,,,,,,,,,,,,,,,,,,,,,,,,,,,,,,,,,,,,,,,,,,,,,,,,,,,,,,,,,,,,,,,,,,Title from content provider.,,,,,,,,,,,,,,,,,,,,,,,,,,,,,,,,,,,,,,,,,,,,,,,,,,,,,,,,,,,
San Francisco express times,,,text,marcgt,newspaper,,,,,,,code,marccountry,ohu,text,"San Francisco, Calif",Trystero Company,1968-1969,marc,start,1968,marc,end,1969,serial,,,,iso639-2b,code,eng,marcform,microfilm,gmd,microform,,,,,,,,,,,date/sequential designation,"Vol. 1, no. 1 (Jan. 24, 1968)-v. 2, no. 12 (Mar. 25, 1969).",reproduction,"Microfilm. Wooster, Ohio : Micro Photo Division, Bell & Howell. microfilm reels ; 35 mm. (Underground newspaper collection)",,,,,,,,,,,,,,,,,,,,,,,,,,,,,,,,,,,,,,,,,,,,,,,,,Good times,local,(OCoLC) 7445741,,,succeeding,,Underground newspaper collection,,,series,,,marcorg,AKR,marc,810706,iso8601,20070409134719.0,549088,"Converted from MARCXML to MODS version 3.5 using MARC21slim2MODS3-5.xsl
				(Revision 1.107 2016/1/7)",,,,3.5,,,,,,,,,,,oclc,07559100,,,,,,,,,,,,,,,,,,,,,,,,,,,,,,,,,,,,,,,,,,,,,,,,,,,,,,,,,marcfrequency,Unknown,,,,,,,,,,,,,,,,,,,,,,,v. : ill.,Underground newspapers,,lcsh,,,,,,,,,,,,,,,,,,,,,,,,,,,,,,,,,,,,,,,,,,California,San Francisco,,,,,,,,,,,,,,,,,,,,,,,,,,,,,,,,,,,,,,,,,,,,,,,,,,,,,,,,,,,,
Good times,,,text,marcgt,newspaper,,,,,,,code,marccountry,ohu,text,San Francisco,Trystero Company,1969-,marc,start,1969,marc,end,9999,serial,"Weekly, Apr. 1969-",marcfrequency,Unknown,iso639-2b,code,eng,marcform,microfilm,gmd,microform,,,,,,,,,,,date/sequential designation,"Vol. 2, no. 13 ([Apr. 2] 1969)-",reproduction,"Microfilm. Wooster, Ohio : Micro Photo Division, Bell & Howell. microfilm reels. ; 35 mm. (Underground newspaper collection)",,,,,,,,,,,,,,,,,,,,,,,,,,,,,,,,,,,,,,,,,,,,,,,,,San Francisco express times,local,(OCoLC)7559100,,,preceding,,Underground newspaper collection,,,series,,,marcorg,AKR,marc,810526,iso8601,20070409134758.0,548838,"Converted from MARCXML to MODS version 3.5 using MARC21slim2MODS3-5.xsl
				(Revision 1.107 2016/1/7)",,,,3.5,,,,,,,,,,,oclc,07445741,,,,,,,,,,,,,,,,,,,,,,,,,,,,,,,,,,,,,,,,,,,,,,,,,,,,,,,,,,,,,,,,,,,,,,,,,,,,,,,,,v. : ill.,Underground newspapers,,lcsh,,,,,,,,,,,,,,,,,,,,,,,,,,,,,,,,,,,,,,,,,,California,San Francisco,,,,,,,,,,,,,,,,,,,,,,,,,,,,,,,,,,,,,,,,,,,,,,,,,,,,,,,,,,,,
Good times,San Francisco Good Times,alternative,text,marcgt,newspaper,rdacontent,text,,Newspapers.,,,code,marccountry,cau,,,,,marc,end,1972,,,,serial,"Semiweekly, July 14, 1972-Aug. 2, 1972",marcfrequency,Semiweekly,iso639-2b,code,eng,marcform,electronic,gmd,electronic resource,marccategory,electronic resource,marcsmd,remote,media,rdamedia,computer,carrier,rdacarrier,online resource,date/sequential designation,"Began with: Volume 2, no. 13; Ceased with: [Vol. 5, no. 19] (Aug. 2, 1972).",,,"""Universal Life"".",,,,,marcgac,n-us-ca,,,,,,,,,,Underground press publications,lcsh,Counterculture,lcsh,Civil rights,United States,,Newspapers,lcsh,California,Political activists,Newspapers,lcsh,California,Newspapers,lcsh,California,San Francisco,lcsh,,,,,,,,,,electronic resource,primary display,Pitt users please click through to access via Independent Voices: 04/01/1969 to 07/21/1972,http://pitt.idm.oclc.org/login?url=http://voices.revealdigital.com/cgi-bin/independentvoices?a=cl&cl=CL1&ai=1&sp=BGAIDAB,"Good times (San Francisco, Calif.)",issn,0017-2197,local,(DLC)sn 87060235,otherFormat,Print version:,San Francisco express times,issn,2470-3370,preceding,,rda,marcorg,UKAMD,marc,120419,iso8601,20190513110958.0,8827582,"Converted from MARCXML to MODS version 3.5 using MARC21slim2MODS3-5.xsl
				(Revision 1.107 2016/1/7)",iso639-2b,code,eng,3.5,marc,start,1969,,,,,,,,issn,0017-2197,issn,0017-2197,,,Bowling Green State University,,,corporate,,,text,"San Francisco, Calif. :","Trystero Co.,",1969-1972.,publication,,,,,,"""Bulletin of the Church of the Times.""",marcgac,n-us---,Vietnam War (1961-1975),conference,,,California,San Francisco,United States,,Newspapers,San Francisco,"Vietnam War, 1961-1975",Peace movements,Civil rights,Counterculture,Peace movements,,,Political activists,,,,,,,,lcc,AP2,ddc,23,070,local,(OCoLC)1608301,,,,original location,"Browne Popular Culture Library, Bowling Green State University",marcgac,a-vt---,1961-1975,,San Francisco,Politics and government,Protest movements,,,,,California,,,local,(DLC)  2016200990,local,(OCoLC)907959180,"Rock and roll, counterculture, peace and protest",series,,,,,,Popular Culture Library.,,,,,,Adam Matthew Digital (Firm),,corporate,,yes,,,,,,,,,,,,,,,,,,,,,,,,,,,,,,,,,Some providers have title:,"Good times (San Francisco, Calif.)",uniform,Adam Matthew Education (Firm),corporate,Protest movements,Newspapers,Underground press publications,Counter culture,San Francisco,United States,Politics and government,1969-1974,Newspapers,lcsh,California,San Francisco,,United States,,,,,,,,,,,,,,,,,,,,,,,,,,,,,,,,,,,,,,,,
Great speckled bird,Bird,alternative,text,marcgt,periodical,,,,,,,code,marccountry,gau,text,"Atlanta, Ga",Atlanta Progressive Media Foundation [etc.],,marc,end,1985,,,,serial,"Biweekly (Sept.-Apr.), monthly (May-Aug.), May? 1984-",,,iso639-2b,code,eng,marcform,print,,,,,,,,,,,,,date/sequential designation,"v. 1-9, no. 9; Mar. 15/20, 1968-Oct. 1976.",date/sequential designation,"Resumed publishing May? 1984 with Vol. 10, no. 1?",,Vols. 1-9 published by: Atlanta Cooperative News Project; v. 10-   by: Progressive Media Foundation.,,,,,,,,,,,,,,,,,,,,,,,,,,,,,,,,,,,,,,,,,,,,,,,,,,,,,,,,,,,,marcorg,MUL,marc,751101,iso8601,20121114185446.0,525332,"Converted from MARCXML to MODS version 3.5 using MARC21slim2MODS3-5.xsl
				(Revision 1.107 2016/1/7)",,,,3.5,marc,start,1968,"Monthly, 1976","Weekly, Mar. 1968-1975",,,,PIT PITX,,issn,0017-369X,lccn,75008347,oclc,01751560,Progressive Media Foundation,,,corporate,,,,,,,,,,,,,,,,,,,,,,,,,,,,,,,,,,,,,,,,,lcc,AP2 .G785,ddc,,051,,,,,,,,,,,,,,,,,,,,,,,,,,,,9 v. ill. (part col.) 42 cm.,,,,The,,date/sequential designation,Ceased with Jan.-Feb. 1985 issue.,,,,Atlanta Cooperative News Project,,corporate,,,,,,,,,,,,,,,,,,,,,,,,,,,,,,,,,,,,,,,,,,,,,,,,,,,,,,,,,,,,,,,,,,,,,,,,,,,,,,,,,,,,,,,,,,,,,
Great speckled bird,,,text,,,,,,,,,text,,S.l.],,,[s.n.],,marc,end,uuuu,,,,serial,,,,,,,marcform,electronic,gmd,electronic resource,marccategory,electronic resource,marcsmd,remote,,,,,,,,,,,,,,,,,,,,,,,,,,,,,,,,,,,,,,,,,,,,,,,,,,,,,,,electronic resource,primary display,Pitt users please click through to access via Independent Voices: 03/15/1968 to 01/31/1985,http://pitt.idm.oclc.org/login?url=http://voices.revealdigital.com/cgi-bin/independentvoices?a=cl&cl=CL1&ai=1&sp=BHFBFGA,,,,,,,,,,,,,,marcorg,WaSeSS,marc,170412,iso8601,20170815094333.0,8827620,"Converted from MARCXML to MODS version 3.5 using MARC21slim2MODS3-5.xsl
				(Revision 1.107 2016/1/7)",,,,3.5,marc,start,uuuu,,,,,,,,,,,,,,,,,,,,,,,,,,,,,,,,,,,,,,,,,,,,,,,,,,,,,,,,,,,,,,,,,,,,,,,,,,,,,,,,,,,,,,,,,,,,,,,,,,,,,,,,,,,,,,,,,,,,,,,,,,,,,,,,,,,,,,,,,Title from content provider.,,,,,,,,,,,,,,,,,,,,,,,,,,,,,,,,,,,,,,,,,,,,,,,,,,,,,,,,,,,
Grok,,,text,,,,,,,,,text,,"Pittsburgh, Pa",,,,,,,,,,,serial,,,,iso639-2b,code,eng,marcform,print,,,,,,,,,,,,,date/sequential designation,"V1,no.1,f 1970-",,,The commune,,,,,,,,,,,,,,,,,,,,,,,,,,,,,,,,,,,,,,,,,,,,,,,,,,,,,,,,,,,,,marcorg,,marc,760620,iso8601,19990522220422.0,534632,"Converted from MARCXML to MODS version 3.5 using MARC21slim2MODS3-5.xsl
				(Revision 1.107 2016/1/7)",,,,3.5,,,,,,,,,PIT PITX,,oclc,02261663,,,,,,,,,,,,,,,,,,,,,Titled changed to pittsburgh fairwitness n 1970.,,,,,,,,,,,,,,,,,,,,,,,,,,,,,,,,,,,,marcfrequency,Completely irregular,,,,,,,,,,,,,,,,,,,,,,,,Underground newspaper,,,,,,,,,,,,,,,,,,,,,,,,,,,,,,,,,,,,,,,,,,,,,,,,,,,,,,,,,,,,,,,,,,,,,,,,,,,,,,,,,,,,,,,,,,,,,,,,,,,,,,,,,
Joint issue,,,text,marcgt,periodical,,,,,,,code,marccountry,miu,text,"East Lansing, Mich.?]",,,marc,end,9999,,,,serial,,,,iso639-2b,code,eng,marcform,print,,,,,,,,,,,,,,,,,,,,,,,,,,,,,,,,,,,,,,,,,,,,,,,,,,,,,,,,,,,,,,,,,,,,,,,,,,,,,,marcorg,PIT,marc,760517,iso8601,19990522220422.0,531548,"Converted from MARCXML to MODS version 3.5 using MARC21slim2MODS3-5.xsl
				(Revision 1.107 2016/1/7)",,,,3.5,marc,start,19uu,,,,,,PIT PITX,,oclc,02178981,,,,,,,,,,,,,,,,,,,,,,,,,,,,,,,,,,,,,,,,,,,,,,,,,,,,,,,,,marcfrequency,Unknown,,,,,,,,,,,,,,,,,,,,,,,v. ill. 43x30 cm. fold. to 30x22 cm.,American Periodicals (General),,lcsh,,,,,,,,,,,,,,,,,,,,,,,,,,,,,,,,,,,,,,,,,,,,"""An open Community paper.""",,,,,,,,,,,,,,,,,,,,,,,,,,,,,,,,,,,,,,,,,,,,,,,,,,,,,,,,,,,
Joint issue,,,text,,,,,,,,,text,,S.l.],,,[s.n.],,marc,end,uuuu,,,,serial,,,,,,,marcform,electronic,gmd,electronic resource,marccategory,electronic resource,marcsmd,remote,,,,,,,,,,,,,,,,,,,,,,,,,,,,,,,,,,,,,,,,,,,,,,,,,,,,,,,electronic resource,primary display,Pitt users please click through to access via Independent Voices: 10/19/1970 to 05/20/1974,http://pitt.idm.oclc.org/login?url=http://voices.revealdigital.com/cgi-bin/independentvoices?a=cl&cl=CL1&ai=1&sp=CBHIJIB,,,,,,,,,,,,,,marcorg,WaSeSS,marc,170412,iso8601,20170815094611.0,8828096,"Converted from MARCXML to MODS version 3.5 using MARC21slim2MODS3-5.xsl
				(Revision 1.107 2016/1/7)",,,,3.5,marc,start,uuuu,,,,,,,,,,,,,,,,,,,,,,,,,,,,,,,,,,,,,,,,,,,,,,,,,,,,,,,,,,,,,,,,,,,,,,,,,,,,,,,,,,,,,,,,,,,,,,,,,,,,,,,,,,,,,,,,,,,,,,,,,,,,,,,,,,,,,,,,,Title from content provider.,,,,,,,,,,,,,,,,,,,,,,,,,,,,,,,,,,,,,,,,,,,,,,,,,,,,,,,,,,,
Liberated guardian,,,text,marcgt,periodical,,,,,,,code,marccountry,nyu,text,New York,Guardian Worker's Collective,1970-1973,marc,start,1970,marc,end,1973,serial,Monthly,marcfrequency,Monthly,iso639-2b,code,eng,marcform,print,,,,,,,,,,,,,date/sequential designation,"[Vol. 1, no. 1] (Apr. 20, 1970)-v. 3, no. 8 (Feb. 1973)",,,,,,,,,,,,,,,,,,,,,,,,,,,,,,,,,,,,,,,,,,,,,,,,,,,New York City star,local,(OCoLC)3333922,,,succeeding,,,,,,,,marcorg,MUL,marc,751101,iso8601,19990522220422.0,528232,"Converted from MARCXML to MODS version 3.5 using MARC21slim2MODS3-5.xsl
				(Revision 1.107 2016/1/7)",,,,3.5,,,,,,,,,PIT PITX,,oclc,01772605,,,,,Liberated Guardian Worker's Collective,,,corporate,,,,,,,,,,,,,Title from caption.,,,,,,,,,,,,,,,,,,,,,,,,,,,,,,,,,,,,,,,,,,,,,,,,,,,,,,,,,,,,3 v. : ill. ; 43 cm.,,,,,,additional physical form,Also available on microfilm in the Underground newspaper collection.,,,,,,,,,,,,,,,,,,,,,,,,,,,,,,,,,,,,,,,,,,,,,,,,,,,,,,,,,,,,,,,,,,,,,,,,,,,,,,,,,,,,,,,,,,,,,,,,,,,
Los Angeles free press,,,text,,,,,,,,,code,marccountry,cau,text,Los Angeles,Press West.,,marc,end,1978,,,,serial,,,,iso639-2b,code,eng,marcform,print,,,,,,,,,,,,,date/sequential designation,"Began with July 23, 1964 issue. Cf. New serial titles.",date/sequential designation,Ceased with Apr. 1978 issue. Cf. New serial titles.,,,,,,,,,,,,,,,,,,,,,,,,,,,,,,,,,,,,,,,,,,,,,,,,,,,,,,,,,,,,,,marcorg,DLC,marc,751012,iso8601,19990522220422.0,524579,"Converted from MARCXML to MODS version 3.5 using MARC21slim2MODS3-5.xsl
				(Revision 1.107 2016/1/7)",,,,3.5,marc,start,1964,,,,,,PIT PITX,,issn,0024-6573,lccn,79008348,lccn,sn 78001603,,,,,,,,,,,,,,,,,,,,,,,,,,,,,,,,,,,,,,,,,,,,,lcc,AP2 .L813,ddc,,051,,,,marcfrequency,Weekly,,,,,,,,,,,,,,,,,,,,,,,v. ill. 45 cm.,,,,,,numbering,"Vols. for <, 1969-> issued in 2 pts.",yes,oclc,01695797,,,,,,,,,,,,,,,,,,,,,,,,,,,,,,,,,,,,,,,,,,,,,,,,,,,,,,,,,,,,,,,,,,,,,,,,,,,,,,,,,,,,,,,,,,,,,,,,
Los Angeles free press,Free press,alternative,text,marcgt,newspaper,rdacontent,text,,Newspapers.,,,code,marccountry,cau,,,,,marc,end,1978,,,,serial,Weekly,marcfrequency,Weekly,iso639-2b,code,eng,marcform,electronic,gmd,electronic resource,marccategory,electronic resource,marcsmd,remote,media,rdamedia,computer,carrier,rdacarrier,online resource,date/sequential designation,"Began with:  Volume 1, number 1 (May 25, 1964); Ceased with: Volume 15, number 12 (Apr. 3, 1978).",,,"Published by: New Way Enterprises, <Vol. 10, no. 18 (May 4, 1973)-v.11, no. 32 (Aug. 9, 1974)>",Vols. for <1969-Apr. 1973> issued in 2 pts.,,,,marcgac,n-us-ca,,,,,,,,,,Underground press publications,lcsh,Counterculture,lcsh,Political activists,California,Los Angeles,Newspapers,lcsh,United States,Civil rights,Newspapers,lcsh,California,Newspapers,lcsh,,,,,,,,,,,,,electronic resource,primary display,Pitt users please click through to access via Independent Voices: 06/26/1967 to 12/31/1977,http://pitt.idm.oclc.org/login?url=http://voices.revealdigital.com/cgi-bin/independentvoices?a=cl&cl=CL1&ai=1&sp=BGJFHJH,Los Angeles free press,issn,0024-6573,local,(DLC)   79008348,otherFormat,Print version:,"Rock and roll, counterculture, peace and protest",,,series,,rda,marcorg,UKAMD,marc,120419,iso8601,20190513112100.0,9026735,"Converted from MARCXML to MODS version 3.5 using MARC21slim2MODS3-5.xsl
				(Revision 1.107 2016/1/7)",iso639-2b,code,eng,3.5,marc,start,1964,,,,,,,,issn,0024-6573,issn,0024-6573,issn-l,0024-6573,"Kunkin, Art.",,,personal,,,text,Los Angeles :,"Los Angeles Free Press,",1964-1978.,publication,,,,,,"Editor, Art Kunkin.",marcgac,n-us---,Vietnam War (1961-1975),conference,,,California,Los Angeles,United States,,Newspapers,,"Vietnam War, 1961-1975",Civil rights,Counterculture,Political activists,Politics and government,,,Protest movements,,,,,,United States,lcsh,ddc,050,,,,local,(OCoLC)1695797,,,,,,marcgac,a-vt---,1961-1975,,,Underground press publications,Politics and government,Newspapers,California,,,California,,,,,,,,,,,,,,,,,,,,Bowling Green State University,Popular Culture Library.,corporate,,yes,numbering,"Issues for <Feb. 5, 1966-May 9, 1975> called also <issue no. 29-564>",,,,,,,,,,,,,,,,,,,,,,,,,,,,,,,,"Faire free press May 23, 1964",alternative,Adam Matthew Digital (Firm),corporate,Protest movements,,,,Los Angeles,United States,,,,,,,,,,Introductory issue published as:,"Los Angeles free press (Los Angeles, Calif. 1964)",uniform,Adam Matthew Education (Firm),corporate,original location,"Browne Popular Culture Library, Bowling Green State University",1969-1974,23,,,,,,,,,,,,,,,,,,,,,,,,,,,,,,
Muhammad speaks,,,text,marcgt,periodical,,,,,,,code,marccountry,ilu,text,"Chicago, Ill",[s.n.],1961-1975,marc,start,1961,marc,end,1975,serial,"Weekly, 1968-",,,iso639-2b,code,eng,marcform,print,,,,,,,,,,,,,date/sequential designation,"Vol. 1, [no. 1] (Oct.-Nov. 1961)-v. 15, no. 8 (Oct. 31, 1975).",,,Issued by Muhammad's Mosque no. 2 (Black Muslims).,,,,,,,,,,,,,,,,,,,,,,,,,,,,,,,,,,,,,,,,,,,,,,,,Bilalian news,local,(OCoLC)2975269,local,(DLC)sn 78004682,succeeding,,,,,,,,marcorg,MUL,marc,751101,iso8601,19990522220422.0,526343,"Converted from MARCXML to MODS version 3.5 using MARC21slim2MODS3-5.xsl
				(Revision 1.107 2016/1/7)",,,,3.5,,,,"Bimonthly, Oct./Nov. 1961","Monthly, Dec. 1961-June 1962",Semimonthly (irregular) July 1962-1967,marcfrequency,Weekly,PIT PITX,,issn,0027-3031,lccn,sn 84037002,oclc,01758821,,,,,,,,,,,,,,,,,Title from caption.,,,,,,,,,,,,,,,,,,,,,,,,,,,,,,,,,,,,,,,,,,,,,,,,,,,,,,,,,,,,15 v. : ill. ; 38 cm.,Black Muslims,Periodicals,lcsh,,,,,,,,,,,,,,,,,,,,,,,,,,,,,,,,,,,,,,,,,,,,,,,,,,,,,,,,,,,,,,,,,,,,,,,,,,United States,Illinois,Cook,Chicago,,,,,,,,,,,,,,,,,,,,,,,,,,
Muhammad speaks,,,text,marcgt,periodical,,,,,,,code,marccountry,ohu,text,"Chicago, Ill",Muhammad's Mosque No. 2],,marc,end,1975,,,,serial,"Weekly, 1968-1975",,,iso639-2b,code,eng,marcform,microfilm,marccategory,microform,marcsmd,microfilm reel,,,,,,,,,date/sequential designation,"v. 1-15, no. 8; Oct. 1, 1961-Oct. 31, 1975.",reproduction,"Microfilm. Wooster, Ohio, Micro Photo Division, Bell & Howell. reels.  35 mm.",,,,,,,,,,,,,,,,,,,,,,,,,,,,,,,,,,,,,,,,,,,,,,,,,Muhammad speaks,local,(OCoLC)1758821,,,otherFormat,,Bilalian news,local,(OCoLC)3764114,succeeding,,,marcorg,YUS,marc,761014,iso8601,19990522220422.0,539875,"Converted from MARCXML to MODS version 3.5 using MARC21slim2MODS3-5.xsl
				(Revision 1.107 2016/1/7)",,,,3.5,marc,start,1961,"Monthly, Oct./Nov. 1961-1962.","Biweekly, 1963-1967",,,,PIT PIT2,,issn,0027-3031,oclc,02502367,,,,,,,,,,,,,,,,,,,,,,,,,,,,,,,,,,,,,,,,,,,,,,,,,,,,,,,,,,,,,,,,,,,,,,,,,,,,,,,15 v. ill. 39 cm.,Black Muslims,Periodicals,lcsh,,,,,,,,,,,,,,,,,,,,,,,,,,,,,,,,,,,,marcfrequency,Unknown,,,,,,,,,,,,,,,,,,,,,,,,,,,,,,,,,,,,,United States,Illinois,,Chicago,,,,,,,,,,,,,,,,,,,,,,,,,,
Liberated guardian,,,text,marcgt,periodical,,,,,,,code,marccountry,nyu,text,New York,Guardian Worker's Collective,1970-1973,marc,start,1970,marc,end,1973,serial,Monthly,marcfrequency,Monthly,iso639-2b,code,eng,marcform,print,,,,,,,,,,,,,date/sequential designation,"[Vol. 1, no. 1] (Apr. 20, 1970)-v. 3, no. 8 (Feb. 1973)",,,,,,,,,,,,,,,,,,,,,,,,,,,,,,,,,,,,,,,,,,,,,,,,,,,New York City star,local,(OCoLC)3333922,,,succeeding,,,,,,,,marcorg,MUL,marc,751101,iso8601,19990522220422.0,528232,"Converted from MARCXML to MODS version 3.5 using MARC21slim2MODS3-5.xsl
				(Revision 1.107 2016/1/7)",,,,3.5,,,,,,,,,PIT PITX,,oclc,01772605,,,,,Liberated Guardian Worker's Collective,,,corporate,,,,,,,,,,,,,Title from caption.,,,,,,,,,,,,,,,,,,,,,,,,,,,,,,,,,,,,,,,,,,,,,,,,,,,,,,,,,,,,3 v. : ill. ; 43 cm.,,,,,,additional physical form,Also available on microfilm in the Underground newspaper collection.,,,,,,,,,,,,,,,,,,,,,,,,,,,,,,,,,,,,,,,,,,,,,,,,,,,,,,,,,,,,,,,,,,,,,,,,,,,,,,,,,,,,,,,,,,,,,,,,,,,
New York city star,City star,alternative,text,marcgt,periodical,rdacontent,text,ngl,Underground newspapers-New York (State)-New York.,fast,Newspapers.,code,marccountry,nyu,,,,,marc,end,9999,,,,serial,Monthly,marcfrequency,Monthly,iso639-2b,code,eng,marccategory,electronic resource,marcsmd,remote,rdamedia,computer,rdacarrier,online resource,,,,,,,date/sequential designation,"Vol. 1, no. 1 (May 1, 1973)-",,,Reproduction of the originals from Duke University Library.,,,,,marcgac,n-us-ny,Underground press publications,New York (State),New York,,lcsh,Underground press publications,,,fast,,lcsh,,lcsh,,New York (State),New York,,fast,New York (State),,,fast,,,,,,,,,,,,,,,,electronic resource,primary display,Pitt users please click through for access via Gale Cengage,http://pitt.idm.oclc.org/login?url=http://link.galegroup.com/apps/pub/9GAN/AHSI?sid=gale_marc&u=upitt_main,Liberated guardian,local,(DLC)sn 94053408,local,(OCoLC)1772605,preceding,,"Archives of Sexuality & Gender: LGBTQ History and Culture Since 1940, Part II",,,series,,rda,marcorg,MIGCL,marc,771011,iso8601,20180910141145.0,9264246,"Converted from MARCXML to MODS version 3.5 using MARC21slim2MODS3-5.xsl
				(Revision 1.107 2016/1/7)",iso639-2b,code,eng,3.5,marc,start,1973,,,,,,,,oclc,1024060119,,,,,,,,,,,text,"New York, NY :","Hard Rain, Inc.,",1973-,publication,,,,,,Magazine/Journal.,,,,,,,New York (N.Y.),,New York County (N.Y.),,Newspapers,New York County,,,,,,,,,,,,,,,,,,,,,,,,,,additional physical form,Available on microfilm from UMI (Underground Newspaper/Press Collection).,,,,,,,,,,,,,,,,,,,,,1 online resource (volumes) : illustrations.,,,,,,,,,,,,,,,,,,,,,,,,,,Newspapers,,,,,,,,,,,,,,,media,carrier,,,,,,,,,,,,,,,,,,,,,,,,,,,,,,,,,,,,,,,United States,New York,New York,New York,,,,,,,,,,,,,,,,,,,,,,
Nola express,,,text,,,,,,,,,text,,S.l.],,,[s.n.],,marc,end,uuuu,,,,serial,,,,,,,marcform,electronic,gmd,electronic resource,marccategory,electronic resource,marcsmd,remote,,,,,,,,,,,,,,,,,,,,,,,,,,,,,,,,,,,,,,,,,,,,,,,,,,,,,,,electronic resource,primary display,Pitt users please click through to access via Independent Voices: 11/15/1968 to 12/14/1973,http://pitt.idm.oclc.org/login?url=http://voices.revealdigital.com/cgi-bin/independentvoices?a=cl&cl=CL1&ai=1&sp=BGEAABC,,,,,,,,,,,,,,marcorg,WaSeSS,marc,170412,iso8601,20170815095108.0,8829045,"Converted from MARCXML to MODS version 3.5 using MARC21slim2MODS3-5.xsl
				(Revision 1.107 2016/1/7)",,,,3.5,marc,start,uuuu,,,,,,,,,,,,,,,,,,,,,,,,,,,,,,,,,,,,,,,,,,,,,,,,,,,,,,,,,,,,,,,,,,,,,,,,,,,,,,,,,,,,,,,,,,,,,,,,,,,,,,,,,,,,,,,,,,,,,,,,,,,,,,,,,,,,,,,,,Title from content provider.,,,,,,,,,,,,,,,,,,,,,,,,,,,,,,,,,,,,,,,,,,,,,,,,,,,,,,,,,,,
Outlaw,,,text,,,,,,,,,text,,"St. Louis, Mo",,,,,,,,,,,serial,,,,iso639-2b,code,eng,marcform,print,,,,,,,,,,,,,,,,,,,,,,,,,Missouri,,,lcsh,,,,,,,,,,,,,,,,,,,,,,,,,,,,,,,,,,,,,,,,,,preceding,,,,,,,,marcorg,,marc,760620,iso8601,19990522220422.0,536557,"Converted from MARCXML to MODS version 3.5 using MARC21slim2MODS3-5.xsl
				(Revision 1.107 2016/1/7)",,,,3.5,,,,,,,,,PIT PITT,,oclc,02265586,,,,,,,,,,,,,,,,,,,,,,,,,,,,,,,,,,,,,,,,,,,,,,,,,,,,,,,,,marcfrequency,Completely irregular,,,,,,,,,,,,,,,,,,,,,,,,Underground newspaper,,,,,,,,,,,,,,,,,,,,,,,,,,,,,,,,,,,,,,,,,,,,,,,,,,,,,,,,,,,,,,,,,,,,,,,,,,,,,,,,,,,,St. Louis outlaw.,,,,,,,,,,,,,,,,,,,,,
Pittsburgh fair witness,,,text,marcgt,periodical,,,,,,,code,marccountry,pau,text,"Pittsburgh, Pa",The Commune.,,marc,end,9999,,,,serial,,,,iso639-2b,code,eng,marcform,print,,,,,,,,,,,,,date/sequential designation,v. 1-   Feb. 1970-,additional physical form,Available on microfilm.,,,,,,,,,,,,,,,,,,,,,,,,,,,,,,,,,,,,,,,,,,,,,,,,,Grok,,,,,preceding,,,,,,,,marcorg,PIT,marc,760620,iso8601,19990522220422.0,536868,"Converted from MARCXML to MODS version 3.5 using MARC21slim2MODS3-5.xsl
				(Revision 1.107 2016/1/7)",,,,3.5,marc,start,1970,,,,,,PIT PITX,,oclc,02266163,,,,,,,,,,,,,,,,,,,,,,,,,,,,,,,,,,,,,,,,,,,,,,,,,,,,,,,,,marcfrequency,Unknown,,,,,,,,,,,,,,,,,,,,,,,,,,,,,,,,,,,,,,,,,,,,,,,,,,,,,,,,,,,,,,,,,,,,,,,,,,,,,,,,,,,,,,,,,,,,,,,,,,,,,,,,,,,,,,,,,,,,,,,,,,,,,,,,,
Pittsburgh point,Point,alternative,text,marcgt,newspaper,,,,,,,code,marccountry,pau,text,"Pittsburgh, Pa",Point Pub. Co.,1966-1970,marc,start,1966,marc,end,1970,serial,Weekly,marcfrequency,Weekly,iso639-2b,code,eng,marcform,print,,,,,,,,,,,,,date/sequential designation,"[Vol. 1, no. 1] Nov. 3-9, 1966-v. 4, no. 23 (June 10, 1970).",,,,,,,,,,,,,,,,,,,,,,,,,,,,,,,,,,,,,,,,,,,,,,,,,,,,,,,,,,,,,,,,marcorg,MUL,marc,750921,iso8601,19990522220422.0,524248,"Converted from MARCXML to MODS version 3.5 using MARC21slim2MODS3-5.xsl
				(Revision 1.107 2016/1/7)",,,,3.5,,,,,,,,,PIT PITX,PIT PIT2,lccn,sn 85054980,oclc,01645535,,,,,,,,,,,,,,,,,,,,,,,,,,,,,,,,,,,,,,,,,,,,,,,,,,,,,,,,,,,,,,,,,,,,,,,,,,,,,,,4 v. : ill. ; 43 cm.,,,,The,,,,,,,,,,,,,,,,,,,,,,,,,,,,,,,,,,,,,,,,,,,,,,,,,,,,,,,,,,,,,,,,,,,,,,,,,,,,,,,,,,United States,Pennsylvania,Allegheny,Pittsburgh,OR,"1969 issues in Underground Newspaper Collection, reel 40 FM",PIT PIT7,OR,,,,,,,,,,,,,
Pittsburgh point,,,text,marcgt,newspaper,,,,,,,code,marccountry,ohu,text,"Pittsburgh, Pa",Point Publishing,196-,marc,start,196u,marc,end,9999,serial,Weekly,marcfrequency,Annual,iso639-2b,code,eng,marcform,microfilm,gmd,microform,marccategory,microform,marcsmd,microfilm reel,,,,,,,reproduction,"Microfilm. Wooster, Ohio : Bell & Howell Co., 19-- microfilm reels ; 35 mm. (Underground newspaper collection).",,,,,,,,,,,,,,,,,,,,,,,,,,,,,,,,,,,,,,,,,,,,,,,,,,,Underground newspaper collection,,,,,series,,,,,,,aacr,marcorg,AKR,marc,810706,iso8601,20070410085507.0,581501,"Converted from MARCXML to MODS version 3.5 using MARC21slim2MODS3-5.xsl
				(Revision 1.107 2016/1/7)",,,,3.5,,,,,,,,,,,oclc,07559183,,,,,,,,,,,,,,,,,,,,,,,,,,,,,,,,,,,,,,,,,,,,,,,,,,,,,,,,,,,,,,,,,,,,,,,,,,,,,,,,,v. : ill.,Underground newspapers,,lcsh,The,,,,,,,,,,,,,,,,,,,,,,,,,,,,,,,,,,,,,,,,,Pennsylvania,Pittsburgh,,,,,,,,,,,,,,,,,,,,,,,,,,,,,,,United States,Pennsylvania,,Pittsburgh,,,,,,,,,,,,,,,,,,,,,,,,,,
Pittsburgh point index,,,text,,,,,,,,,text,,"Pittsburgh, Pa",,,Carnegie Library of Pittsburgh,1970,,,,,,,serial,,,,,,,,,,,,,,,,,,,,,,,,,,,,,,,,,,,,,,,,,,,,,,,,,,,,,,,,,,,,,,,,,,,,,,,,,,,,,,,,,,,,,,,,marc,950307,iso8601,20171129144721.0,1509434,"Converted from MARCXML to MODS version 3.5 using MARC21slim2MODS3-5.xsl
				(Revision 1.107 2016/1/7)",,,,3.5,,,,,,,,,,,,,,,,,,,,,,,,,,,,,,,,,,,,,,,,,,,,,,,,,,,,,,,,,,,,,,,,,,,,,,,,,,,,,,,,,,,,,,,,,,,,,,,,,,,,,,,,,,,,,,,,,,,,,,,,,,,,,,,,,,,,,,,,,,,,,,,,,,,,,,,,,,,,,,,,,,,,,,,,,,,,,,,,,,,,,,,,,,,,,,,,,,,,,,,
Rag,,,text,marcgt,newspaper,,,,,,,code,marccountry,txu,text,"Austin, Texas",,,,,,,,,serial,,,,iso639-2b,code,eng,marcform,print,,,,,,,,,,,,,,,,,,,,,,,,,,,,,,,,,,,,,,,,,,,,,,,,,,,,,,,,,,,,,,,,,,,,,,,,,,,,,,marcorg,MUL,marc,750901,iso8601,19990522220422.0,522243,"Converted from MARCXML to MODS version 3.5 using MARC21slim2MODS3-5.xsl
				(Revision 1.107 2016/1/7)",,,,3.5,,,,,,,,,PIT PITT,,oclc,01586244,,,,,,,,,,,,,,,,,,,,,,,,,,,,,,,,,,,,,,,,,,,,,,,,,,,,,,,,,marcfrequency,Completely irregular,,,,,,,,,,,,,,,,,,,,,,,,,,,,,,,,,,,,,,,,,,,,,,,,,,,,,,,,,,,,,,,,,,,,,,"Special numbers, entitled Extrag, accompany some volumes.",,,,,,,,,,,,,,,,,,,,,,,,,,,,,,,,,,,,,,,,,,,,,,,,,,,,,,,,,,,
"Rag, The (GI PRESS)",,,text,,,,,,,,,text,,S.l.],,,[s.n.],,marc,end,uuuu,,,,serial,,,,,,,marcform,electronic,gmd,electronic resource,marccategory,electronic resource,marcsmd,remote,,,,,,,,,,,,,,,,,,,,,,,,,,,,,,,,,,,,,,,,,,,,,,,,,,,,,,,electronic resource,primary display,Pitt users please click through to access via Independent Voices: 12/01/1972 to 05/31/1973,http://pitt.idm.oclc.org/login?url=http://voices.revealdigital.com/cgi-bin/independentvoices?a=cl&cl=CL1&ai=1&sp=DBJDCCFJ,,,,,,,,,,,,,,marcorg,WaSeSS,marc,170412,iso8601,20170815095406.0,8829525,"Converted from MARCXML to MODS version 3.5 using MARC21slim2MODS3-5.xsl
				(Revision 1.107 2016/1/7)",,,,3.5,marc,start,uuuu,,,,,,,,,,,,,,,,,,,,,,,,,,,,,,,,,,,,,,,,,,,,,,,,,,,,,,,,,,,,,,,,,,,,,,,,,,,,,,,,,,,,,,,,,,,,,,,,,,,,,,,,,,,,,,,,,,,,,,,,,,,,,,,,,,,,,,,,,Title from content provider.,,,,,,,,,,,,,,,,,,,,,,,,,,,,,,,,,,,,,,,,,,,,,,,,,,,,,,,,,,,
Rainbow people,,,text,marcgt,periodical,,,,,,,code,marccountry,oru,text,"Gresham, Oregon",Cherokee Examiner.,,,,,,,,serial,,,,iso639-2b,code,eng,marcform,print,,,,,,,,,,,,,,,,,,,,,,,,,,,,,,,,,,,,,,,,,,,,,,,,,,,,,,,,,,,,,,,,,,,,,,,,,,,,,,marcorg,,marc,750921,iso8601,19990522220422.0,523885,"Converted from MARCXML to MODS version 3.5 using MARC21slim2MODS3-5.xsl
				(Revision 1.107 2016/1/7)",,,,3.5,,,,,,,,,PIT PITX,,oclc,01642322,,,,,,,,,,,,,,,,,,,,,,,,,,,,,,,,,,,,,,,,,,,,,,,,,,,,,,,,,marcfrequency,Completely irregular,,,,,,,,,,,,,,,,,,,,,,,,,,,,,,,,,,,,,,,,,,,,,,,,,,,,,,,,,,,,,,,,,,,,,,,,,,,,,,,,,,,,,,,,,,,,,,,,,,,,,,,,,,,,,,,,,,,,,,,,,,,,,,,,,
Rat,,,text,marcgt,periodical,,,,,,,code,marccountry,nyu,text,New York,"R.A.T. Publications, Inc.",,marc,end,19uu,,,,serial,,,,iso639-2b,code,eng,marcform,print,,,,,,,,,,,,,date/sequential designation,Ceased with no. 20 issue.,,,,,,,,,,,,,,,,,,,,,,,,,,,,,,,,,,,,,,,,,,,,,,,,,,,Women's libeRATion,local,(OCoLC)1763455,,,succeeding,,,,,,,,marcorg,,marc,751101,iso8601,19990522220422.0,527054,"Converted from MARCXML to MODS version 3.5 using MARC21slim2MODS3-5.xsl
				(Revision 1.107 2016/1/7)",,,,3.5,marc,start,19uu,,,,,,PIT PITX,,oclc,01763455,,,,,,,,,,,,,,,,,,,,,,,,,,,,,,,,,,,,,,,,,,,,,,,,,,,,,,,,,marcfrequency,Biweekly,,,,,,,,,,,,,,,,,,,,,,,v. ill. 41 cm.,,,,,,,,,,,,,,,,,,,,,,,,,,,,,,,,,,,,,,,,,,,,,,,,,,,,,,,,,,,,,,,,,,,,,,,,,,,,,,,,,,,,,,,,,,,,,,,,,,,,,,,,,,
Rat,"Rat (New York, N.Y.)",uniform,text,marcgt,newspaper,rdacontent,text,,,,,code,marccountry,nyu,,,,,marc,end,1971,,,,serial,Biweekly,marcfrequency,Biweekly,iso639-2b,code,eng,marccategory,electronic resource,marcsmd,remote,rdamedia,computer,rdacarrier,online resource,,,,,,,date/sequential designation,"Jan. 26/Feb. 9, 1970-",date/sequential designation,"Ceased in Aug. 2, 1971?",Newspaper.,Reproduction of the originals from Duke University Library.,,,,,,Feminism,,,,fast,,,,,,,,,,,,,,,,,,,,,,,,,,,,,,,,,electronic resource,primary display,Pitt users please click through for access via Gale Cengage,http://pitt.idm.oclc.org/login?url=http://link.galegroup.com/apps/pub/4RBZ/AHSI?sid=gale_marc&u=upitt_main,"Archives of Sexuality & Gender: LGBTQ History and Culture Since 1940, Part II",,,,,series,,,,,,,rda,marcorg,MIGCL,marc,801203,iso8601,20180731084143.0,9263940,"Converted from MARCXML to MODS version 3.5 using MARC21slim2MODS3-5.xsl
				(Revision 1.107 2016/1/7)",iso639-2b,code,eng,3.5,marc,start,1970,,,,,,,,oclc,1000825121,,,,,,,,,,,text,New York :,"R.A.T. Publications,",1970-1971.,publication,,,,,,,,,,,,,,,,,,,,,,,,,,,,,,,,,,lcc,HQ1101 .H47,,,,,,,,,,,,,,,,,,,,,,,,,,,,,,,1 online resource (24 volumes) : illustrations.,Feminism,,lcsh,,,,,,,,,,,,,numbering,No more published?,,,,,,,,,,,,,,,,,,,,,,,,media,carrier,,,,,,,,,,,,,,,,,,,,,,,,,,,,,,,numbering,Issues prior to no. 15 lack numbering.,,,,,,,,,,,,,,,,,,,,numbering,Issues lack year dating.,United States,New York,New York,New York,,,,,,,
RAT,Women's libeRATion,alternative,text,marcgt,newspaper,rdacontent,text,,,,,code,marccountry,nyu,,,,,marc,end,uuuu,,,,serial,Monthly,marcfrequency,Monthly,iso639-2b,code,eng,marccategory,electronic resource,marcsmd,remote,rdamedia,computer,rdacarrier,online resource,,,,,,,date/sequential designation,"July 3, 1969-",,,,,,,,marcgac,n-us---,Women's rights,United States,,Newspapers,lcsh,,New York (N.Y.),Newspapers,lcsh,,lcsh,,,,,,,,,,,,,,,,,,,,,,,,,,,electronic resource,primary display,Pitt users please click through for access via Gale Cengage.,http://pitt.idm.oclc.org/login?url=http://gdc.galegroup.com/gdc/artemis/atp/AboutThisPublicationPortletWin?mCode=6PLV&p=AHSI&prodId=AHSI&action=e&windowstate=normal&mode=view&userGroupName=upitt_main,Archives of Sexuality & Gender: LGBTQ History and Culture since 1940,,,,,series,,,,,,,rda,marcorg,MIGCL,marc,060614,iso8601,20180627110647.0,9247677,"Converted from MARCXML to MODS version 3.5 using MARC21slim2MODS3-5.xsl
				(Revision 1.107 2016/1/7)",iso639-2b,code,eng,3.5,marc,start,1969,,,,,,,,oclc,952385687,,,,,,,,,,,text,"New York, New York :",R.A.T. Publications,,publication,,,,,,Reproduction of the original from Lesbian Herstory Archives.,marcgac,n-us-ny,,,,,New York County (N.Y.),,,,,,,,,,,,,,,,,,,,,,,,,,,,,,,,,,,,,,,,,,,,,,,,,,,,,1 online resource (volumes) : illustrations.,,,,,,,,,,,,,,,,,,,,,,,,,,Newspapers,,,,,,,,,,,,,,,media,carrier,,,,,,,RAT,alternative,,,,,,,,,,,,,,,,,,,,,,,,,,,,,,,,,,,,,,,,,,,,,,,,,,subterranean news,,,,,,
San Francisco express times,,,text,marcgt,newspaper,,,,,,,code,marccountry,ohu,text,"San Francisco, Calif",Trystero Company,1968-1969,marc,start,1968,marc,end,1969,serial,,,,iso639-2b,code,eng,marcform,microfilm,gmd,microform,,,,,,,,,,,date/sequential designation,"Vol. 1, no. 1 (Jan. 24, 1968)-v. 2, no. 12 (Mar. 25, 1969).",reproduction,"Microfilm. Wooster, Ohio : Micro Photo Division, Bell & Howell. microfilm reels ; 35 mm. (Underground newspaper collection)",,,,,,,,,,,,,,,,,,,,,,,,,,,,,,,,,,,,,,,,,,,,,,,,,Good times,local,(OCoLC) 7445741,,,succeeding,,Underground newspaper collection,,,series,,,marcorg,AKR,marc,810706,iso8601,20070409134719.0,549088,"Converted from MARCXML to MODS version 3.5 using MARC21slim2MODS3-5.xsl
				(Revision 1.107 2016/1/7)",,,,3.5,,,,,,,,,,,oclc,07559100,,,,,,,,,,,,,,,,,,,,,,,,,,,,,,,,,,,,,,,,,,,,,,,,,,,,,,,,,marcfrequency,Unknown,,,,,,,,,,,,,,,,,,,,,,,v. : ill.,Underground newspapers,,lcsh,,,,,,,,,,,,,,,,,,,,,,,,,,,,,,,,,,,,,,,,,,California,San Francisco,,,,,,,,,,,,,,,,,,,,,,,,,,,,,,,,,,,,,,,,,,,,,,,,,,,,,,,,,,,,
San Francisco express times,,,text,,,,,,,,,text,,S.l.],,,[s.n.],,marc,end,uuuu,,,,serial,,,,,,,marcform,electronic,gmd,electronic resource,marccategory,electronic resource,marcsmd,remote,,,,,,,,,,,,,,,,,,,,,,,,,,,,,,,,,,,,,,,,,,,,,,,,,,,,,,,electronic resource,primary display,Pitt users please click through to access via Independent Voices: 01/24/1968 to 03/25/1969,http://pitt.idm.oclc.org/login?url=http://voices.revealdigital.com/cgi-bin/independentvoices?a=cl&cl=CL1&ai=1&sp=CCGHEDJ,,,,,,,,,,,,,,marcorg,WaSeSS,marc,170412,iso8601,20170815095536.0,8829840,"Converted from MARCXML to MODS version 3.5 using MARC21slim2MODS3-5.xsl
				(Revision 1.107 2016/1/7)",,,,3.5,marc,start,uuuu,,,,,,,,,,,,,,,,,,,,,,,,,,,,,,,,,,,,,,,,,,,,,,,,,,,,,,,,,,,,,,,,,,,,,,,,,,,,,,,,,,,,,,,,,,,,,,,,,,,,,,,,,,,,,,,,,,,,,,,,,,,,,,,,,,,,,,,,,Title from content provider.,,,,,,,,,,,,,,,,,,,,,,,,,,,,,,,,,,,,,,,,,,,,,,,,,,,,,,,,,,,
"San Francisco oracle, facsimile edition",,,text,marcgt,bibliography,,,,,,,code,marccountry,cau,text,"Berkeley, CA",Regent Press,1991,,,,,,,monographic,,,,iso639-2b,code,eng,marcform,print,,,,,,,,,,,,,statement of responsibility,edited by Allen Cohen.,,,,,,,,marcgac,n-us-ca,,,,,lcsh,American newspapers,California,,lcsh,Popular culture,lcsh,,lcsh,,,,,,,,,,,,,,,,,,,,,,,,,,,,,,,,,,,,,,,,,aacr,marcorg,DLC,marc,920206,iso8601,20181116075213.0,52727,"Converted from MARCXML to MODS version 3.5 using MARC21slim2MODS3-5.xsl
				(Revision 1.107 2016/1/7)",,,,3.5,,,,,,,,,,,isbn,0916147118,isbn,0916147126,lccn,92114556 //r93,,,,,,,,,,,,,,,,,"Facsim. of: Sept. 3, 1966-Feb. 1968.",,,,,,,California,San Francisco,Haight-Ashbury (Calif.),,,,,,,,,,,,,,,,,,,lcc,PN4899.S45 S36 1991,,,,,,,,,,,,,,,,,,,,,,,,,,,,,,,"lvi, 385 p. : ill. (some col.) ; 37 cm.",,,,The,,bibliography,Includes bibliographical references (p. lvi).,,oclc,26504011,,,,,,,,,,,,,,,,,,,,,,,,,,,,,,,,,,"the psychedelic newspaper of the Haight-Ashbury, 1966-1968",,,,,,,,,,,,,,,,,,,,,,,,,,,,,,,,,,,,,,,,,,,,,,,,,,,,,,,,,1st ed.,00,San Francisco oracle,Facsimiles,San Francisco,Sources
St. Louis outlaw,,,text,marcgt,periodical,,,,,,,code,marccountry,xx,text,"St. Louis, Mo",,,marc,end,9999,,,,serial,,,,iso639-2b,code,eng,marcform,microfilm,,,,,,,,,,,,,date/sequential designation,Began publication in 1970. cf. NST.,reproduction,"Microfilm. Wooster, Ohio. Micro Photo Division, Bell & Howell.",,,,,,,,,,,,,,,,,,,,,,,,,,,,,,,,,,,,,,,,,,,,,,,,,Bell and Howell Underground Press Collection,,,,,series,,Outlaw,,,succeeding,,,marcorg,KSU,marc,780424,iso8601,20070410091732.0,542774,"Converted from MARCXML to MODS version 3.5 using MARC21slim2MODS3-5.xsl
				(Revision 1.107 2016/1/7)",,,,3.5,marc,start,1970,,,,,,,,oclc,03824275,,,,,,,,,,,,,,,,,,,,,,,,,,,,,,,,,,,,,,,,,,,,,,,,,,,,,,,,,marcfrequency,Unknown,,,,,,,,,,,,,,,,,,,,,,,,Underground periodicals,,lcsh,,,,,,,,,,,,,,,,,,,,,,,,,,,,,,,,,,,,,,,,,,Missouris,St. Louis,,,,,,,,,,,,,,,,,,,,,,,,,,,,,,,United States,Missouri,,St. Louis,,,,,,,,,,,,,,,,,,,,,,,,,,
Viet report,Viet-report,alternative,text,marcgt,periodical,,,,,,,code,marccountry,nyu,text,New York,"Viet-Report, Inc.",1965-1968],marc,start,1965,marc,end,1968,serial,9 no. a year,marcfrequency,Monthly,iso639-2b,code,eng,marcform,print,,,,,,,,,,,,,date/sequential designation,"Began with: v. 1 (July 1965); ceased with: v. 3, no. 8/9 (summer 1968).",,,,,,,,,,,,,,,,,,,,,,,,,,,,,,,,,,,,,,,,,,,,,,,,,,,Leviathan,local,(OCoLC)8118332,,,succeeding,,,,,,,,marcorg,,marc,750920,iso8601,19990522220422.0,523808,"Converted from MARCXML to MODS version 3.5 using MARC21slim2MODS3-5.xsl
				(Revision 1.107 2016/1/7)",,,,3.5,,,,,,,,,PIT PITX,,issn,0506-9424,oclc,01641656,,,,,,,,,,,,,,,,,,,"Description based on: v. 3, no. 8/9 (summer 1968); title from cover.",,,,,,,,,,,,,,,,,,,,,,,,,,,,,,,,,,,,,,,,,,,,,,,,,,,,,,,,,,,,3 v. : ill. ; 29 cm.,American newspapers,Periodicals,lcsh,,,numbering,"Issue for summer 1968 called special issue and incorporates June, July and August 1968.",,,,,,,,,,,,,,,,,,,,,,,,,,,,,,,,,,,,,,,,,,,,,,,,,,,,,,,,,,,,,,,,,,,,,,United States,New York,,New York City,,,,,,,,,,,,,,,,,,,,,,,,,,
Viet report,,,text,marcgt,newspaper,,,,,,,code,marccountry,ohu,text,"New York, N.Y","Viet-Report, Inc.",196 -,marc,start,1965,marc,end,1968,serial,9 no.a year,marcfrequency,Unknown,iso639-2b,code,eng,marcform,microfilm,gmd,microform,,,,,,,,,,,date/sequential designation,Began with vol. 1 (July 1965).,date/sequential designation,"Ceased with vol. 3, nos. 8/9 (summer 1968).","Description based on: Vol. 3, nos. 6&7 (Apr./May 1968).",,,,,,,,,,,,,,,,,,,,,,,,,,,,,,,,,,,,,,,,,,,,,,,,Viet report,local,(OCoLC)1641656,,,otherFormat,,Leviathan,,,succeeding,,,marcorg,PIT,marc,780116,iso8601,20070409151403.0,542187,"Converted from MARCXML to MODS version 3.5 using MARC21slim2MODS3-5.xsl
				(Revision 1.107 2016/1/7)",,,,3.5,,,,,,,,,,,issn,0506-9424,oclc,03560925,,,,,,,,,,,,,,,,,,,,,,,,,,,,,,,,,,,,,,,,,,,,,,,,,,,,,,,,,reproduction,"Microfilm. Wooster, Ohio : Micro Photo Division, Bell & Howell. microfilm reels ; 35 mm. (Underground newspaper collection)",,,,,,,,,,,,,,,,,,,Underground  newspaper collection,series,,Underground newspapers,,lcsh,,,,,,,,,,,,,,,,,,,,,,,,,,,,,,,,,,,,,,,,,,New York (State),New York,,,,,,,,,,,,,,,,,,,,,,,,,,,,,,,United States,New York,,New York,,,,,,,,,,,,,,,,,,,,,,,,,,
