id,title,uniform_title,alternative_title,creator,contributor,publication_place,publisher,publication_date,encoded_date,creation_date,copyright_date,edition,issuance,language,type_of_resource,format,extent,genre,abstract,subject,temporal_coverage,geographic_coverage,target_audience,record_id,isbn,lccn,oclccn,url,depositor,collection_id
00a138205m,Sheldon's Twentieth century letter writer: an up-to-date and accurate guide to correct modern letter writing,,Sheldon's 20th century letter writer|||Letter writer,"Sheldon, L. W.",,Philadelphia,D. McKay,,1901,c1901|||1901|||1901-01-01T00:00:00,,,monographic,English,text,print,"v, 133 p. ; 20 cm.",,,Letter writing,,,,1138205,,,,,University of Pittsburgh,collection.120
00a268620m,Spencerian system of penmanship,,,"Spencer, Platt R. (Platt Rogers), 1800-1864",,New York|||Chicago,"Ivison, Blakeman, Taylor and Co.",,1873/1884,1873|||1884|||c1873-84|||ca. 1873-1884|||1873-01-01T00:00:00,,,monographic,English,text,print,5 nos. in case. ; 24 cm.,,,Penmanship,,,,1268620,,,,,University of Pittsburgh,collection.120
00a269068m,Politics for young Americans,,,"Nordhoff, Charles, 1830-1901",,New York,Harper & Brothers,,1875,c1875|||1875|||1875-01-01T00:00:00,,,monographic,English,text,print,200 p. ; 18 cm.,handbook,,"Politics and government|||Handbooks, manuals, etc",,United States,,1269068,,,,,University of Pittsburgh,collection.120
00a346950m,"Introduction to the science of government, and compend of constitutional and civil jurisprudence: comprehending a general view of the government of the United States, and of the government of the state of New York, together with the most important provisions in the constitutions of the several states",,,"Young, Andrew W. (Andrew White), 1802-1877",,"Warsaw, [N.Y.]",Published by the author,,1836,1836|||1836-01-01T00:00:00,,"2nd ed., improved.",monographic,English,text,print,304 p. ; 18 cm.,,,Politics and government,,New York (State)|||United States|||New York,,1346950,,,,,University of Pittsburgh,collection.120
00a470015m,"geography for beginners, A",,,"Stewart, K. J. (Kensey Johns)",,"Richmond, Va",J.W. Randolph,,1864,1864|||1864-01-01T00:00:00,,,monographic,English,text,print,"viii, 223 p. : ill., maps ; 18 cm.",,,Geography x Textbooks,,,,1470015,,,,,University of Pittsburgh,collection.120
00a472273m,Barnes' national system of penmanship,National system of penmanship,,,,New York|||Cincinnati|||Chicago,American Book Co.,,1886,c1886-|||1886|||1886-01-01T00:00:00,,,monographic,English,text,print,v. ; 18 x 22 cm.,,,Penmanship,,,,1472273,,,,,University of Pittsburgh,collection.120
00abf4892m,"Arithmetick, both in the theory and practice: made plain and easy in all the common and useful rules",,,"Hill, John, Gent",,London,"Printed for W. Strahan, [et. al]",,1772,1772|||1772-01-01T00:00:00,,"11th ed., accurately rev., corrected, and improved /",monographic,English,text,print,"[4], 382, [102] p. ; 20 cm.",,,Arithmetic|||Early works to 1900|||Mathematics|||Early works to 1800,,,,300726,,,,,University of Pittsburgh,collection.120
00abg5800m,Intellectual arithmetic: upon the inductive method of instruction,First lessons in arithmetic. 1826,,"Colburn, Warren, 1793-1833",,Boston,William J. Reynolds & Co.,,1826,c1826|||1826|||1826-01-01T00:00:00,,,monographic,English,text,print,"xii, 172 p. ; 16 cm.",,,Mental arithmetic,,,,311472,,,,,University of Pittsburgh,collection.120
00abg6308m,First book in arithmetic,,,"Goff, Milton B. (Milton Browning), 1831-1890",,Pittsburgh,A.H. English & Co.,,1876,c1876|||1876|||1876-01-01T00:00:00,,,monographic,English,text,print,144 p. : ill. ; 18 cm.,Early works to 1900,,Arithmetic,,,,311976,,02027191 /REV.,,,University of Pittsburgh,collection.120
00abg6496m,"North American arithmetic: part first, containing elementary lessons, The",,,"Emerson, Frederick, 1788-1857",,"Windsor, Vt|||Boston",Simeon Ide|||Lincoln & Edmands,,1830/1829,"1830|||1829|||1830, c1829|||ca. 1830-1829|||1830-01-01T00:00:00",,,monographic,English,text,print,48 p. : ill. ; 18 cm.,,,Arithmetic|||Early works to 1900,,,,312165,,,,,University of Pittsburgh,collection.120
00abg6599m,"normal mental arithmetic: a thorough and complete course by analysis and induction, The",,,"Brooks, Edward, 1831-1912",,Philadelphia,H. Cowperthwait & Co.,,1858,c1858|||1858|||1858-01-01T00:00:00,,,monographic,English,text,print,156 p. ; 18 cm.,,,Mental arithmetic,,,,312266,,02025479,,,University of Pittsburgh,collection.120
00abg6731m,"common school arithmetic: prepared for the use of academies and common schools in the United States, The",,,"Davies, Charles, 1798-1876",,"Utica, N.Y",William Williams,,1833,1833|||1833-01-01T00:00:00,,,monographic,English,text,print,270 p. ; 15 cm.,,,Arithmetic|||Early works to 1900,,,,312386,,,,,University of Pittsburgh,collection.120
00abh4625m,Progressive exercises in English composition,,,"Parker, Richard Green, 1798-1869",,Boston,Lincoln and Edmands,,1832,1832|||1832-01-01T00:00:00,,[1st ed.],monographic,English,text,print,107 p. ; 19 cm.,,,English language|||Composition and exercises,,,,320174,,10033547,,,University of Pittsburgh,collection.120
00abh6702m,"American lady's and gentleman's modern letter writer: relative to business, duty, love, and marriage, The",,American letter-writer,,,Philadelphia,Henry F. Anners,,1850,[185- ]|||ca. 1850|||1850-01-01T00:00:00,,,monographic,English,text,print,"64, 64 p. : ill. ; 13 cm.",,,Letter writing,,,,322223,,,,,University of Pittsburgh,collection.120
00abh8126m,"Pike's System of arithmetick abridged: designed to facilitate the study of the science of numbers, comprehending the most perspicuous and accurate rules, illustrated by useful examples : to which are added appropriate questions, for the examination of scholars, and a short system of book-keeping",System of arithmetic abridged. 1827,,"Pike, Nicholas, 1743-1819","Leavitt, Dudley, 1772-1851",Concord,Jacob B. Moore,,1827/1826,"1827|||1826|||1827, c1826|||ca. 1827-1826|||1827-01-01T00:00:00",,"2d ed., rev., corr., and improved.",monographic,English,text,print,"vi, 201 p. ; 22 cm.",,,Arithmetic|||Early works to 1900,,,,323629,,,,,University of Pittsburgh,collection.120
00abh8565m,"ready reckoner: or, Trader's most useful assistant in buying and selling all sorts of commodities, either wholesale or retail, The",,Trader's most useful assistant in buying and selling all sorts of commodities,"Fenning, Daniel.",,"London|||Germantown, [Pa.]",Christopher Sower,,1774,1774|||1774-01-01T00:00:00,,7th ed. /,monographic,English,text,print,[280] p. ; 17 cm.,,,Ready-reckoners,,,,324066,,76362339,,,University of Pittsburgh,collection.120
00abh8876m,"Ray's algebra, part first: on the analytic and inductive methods of instruction, with numerous practical exercises, designed for common schools and academies",Algebra,,"Ray, Joseph, 1807-1855",,Cincinnati|||New York,"Van Antwerp, Bragg & Co.",,1848,c1848|||1848|||1848-01-01T00:00:00,,Rev. ed.,monographic,English,text,print,240 p. ; 19 cm.,,,Algebra,,,,324373,,42004818,,,University of Pittsburgh,collection.120
00abh8960m,"abridgment of lectures on rhetorick, An",,,"Blair, Hugh, 1718-1800","Blake, John Lauris, 1788-1857","Concord, [N.H.]",Hill and Moore,,1822,1822|||1822-01-01T00:00:00,,3rd ed.,monographic,English,text,print,"304, ii p. ; 15 cm.",,,Rhetoric|||English language|||Literature|||History and criticism,,,,324456,,,,,University of Pittsburgh,collection.120
00abu6395m,"human body and its health : a text-book for schools, having special reference to the effects of stimulants and narcotics on the human system, The",,Elementary physiology and hygiene,"Smith, William Thayer, 1839-1909",,New York,"Ivison, Blakeman & Company",,1884,c1884|||1884|||1884-01-01T00:00:00,,,monographic,English,text,print,"225 p., [2] leaves of plates : ill. (some col.) ; 18 cm.",,,Physiology,,,,418166,,,,,University of Pittsburgh,collection.120
00abu7955m,"Parsing book: containing rules of syntax, and models for analyzing and transposing : together with selections of prose and poetry from writers of standard authority",,,"Weld, Allen Hayden, 1812-1882",,"Portland, Me",Sanborn & Carter,,1847,c1847|||1847|||1847-01-01T00:00:00,,,monographic,English,text,print,111 p. ; 17 cm.,,,English language|||Composition and exercises,,,,330599,,11020479,,,University of Pittsburgh,collection.120
00abv2767m,Elementary geography,,Appleton's standard elementary geography,,,New York,D. Appleton and Company,,1880,c1880|||1880|||1880-01-01T00:00:00,,,monographic,English,text,print,"108 p. : ill., maps ; 24 cm.",,,Geography|||Textbooks,1870-1945,,,333928,,05028211,,,University of Pittsburgh,collection.120
00abx1528m,"parlour letter-writer: and secretary's assistant : consisting of original letters on every occurrence in life : written in a concise and familiar style and adapted to both sexes : to which are added complimentary cards, wills, bonds, &c, The",,,"Turner, R.",,Philadelphia,"Desilver, Thomas",,1835,1835|||1835-01-01T00:00:00,,,monographic,English,text,print,288 p. ; 13 cm.,,,Letter writing,,,,348767,,,,,University of Pittsburgh,collection.120
00abx7602m,"practical elocutionist, and, Academical reader and speaker: designed for the use of colleges, academies, high school and families, The",,Academical reader and speaker,"Hows, John W. S. (John William Stanhope), 1797-1871",,Philadlelphia,Childs & Peterson,,1856/1849,"1856|||1849|||1856, c1849|||ca. 1856-1849|||1856-01-01T00:00:00",,"6th ed., rev.",monographic,English,text,print,430 p. ; 20 cm.,,,Recitations,,,,353794,,,,,University of Pittsburgh,collection.120
00abx7646m,"Speaker, or, Miscellaneous pieces: selected from the best English writers and diposed under proper heads, with a view to facilitate the improvement of youth in reading and speaking : to which is prefixed an essay on elocution",,Miscellaneous pieces,"Enfield, William, 1741-1797",,Baltimore,Printed & sold by Warner & Hanna,,1803,1803|||1803-01-01T00:00:00,,,monographic,English,text,print,"xxiii, 299 p. ; 19 cm.",,,Recitations|||Elocution,,,,353835,,,,,University of Pittsburgh,collection.120
00aby4888m,"Graded lessons in English: an elementary English grammar : consisting of one hundred practical lessons, carefully graded and adapted to the class-room",,An elementary English grammar,"Reed, Alonzo, d. 1899","Kellogg, Brainerd.",New York,Effingham Maynard & Co.,,1890/1889,"1890|||1889|||1890, c1889|||ca. 1890-1889|||1890-01-01T00:00:00",,Rev. ed.,monographic,English,text,print,200 p. ; 17 cm.,,,English language|||Grammar,,,,360007,,,,,University of Pittsburgh,collection.120
00aby5281m,"First lessons in language, or, Elements of English grammar",,Elements of English grammar,"Tower, David B. (David Bates), 1808-1868","Tweed, Benjamin F. (Benjamin Franklin), 1811-1896",New York,Daniel Burgees & Co.,,1855/1853,"1855|||1853|||1855, c1853|||ca. 1855-1853|||1855-01-01T00:00:00",,,monographic,English,text,print,125 p. ; 17 cm.,,,English language|||Grammar,,,,360356,,,,,University of Pittsburgh,collection.120
00aby5325m,"first book in American history: with special reference to the lives and deeds of great Americans, A",,,"Eggleston, Edward, 1837-1902",,New York,American Book Company,,1889,c1889|||1889|||1889-01-01T00:00:00,,,monographic,English,text,print,"viii, 203 p. : ill., maps, front. ; 19 cm.",,,History,,United States,,360399,,,,,University of Pittsburgh,collection.120
00acc3629m,"American first class book, or, Exercises in reading and recitation: selected principally from modern authors of Great Britain and America, and designed for the use of the highest class in public and private schools, The",,,"Pierpont, John, 1785-1866",,Boston,Charles Bowen,,1836/1835,"1836|||1835|||1836, c1835|||ca. 1836-1835|||1836-01-01T00:00:00",,25th ed.,monographic,English,text,print,480 p. ; 19 cm.,,,Readers,,,,396464,,,,,University of Pittsburgh,collection.120
00acc4992m,"Uncle Austin and his nephews, or, The scripture guide: being a familiar introduction to the study of the Bible",,The scripture guide,"Alexander, James W. (James Waddel), 1804-1859",American Sunday-School Union,Philadelphia,American Sunday-School Union,,1838,c1838|||1838|||1838-01-01T00:00:00,,,monographic,English,text,print,"263 p., [1] leaf of plates : ill., maps ; 16 cm.",,,Juvenile literature|||Study and teaching|||Introductions|||Bible,,,juvenile,397754,,24017616,,,University of Pittsburgh,collection.120
00acc5224m,"art of writing, reduced to a plain and easy system: on a plan entirely new, in seven books, The",,Plain easy and familiar introduction to the art of writing,"Jenkins, John, 1755?-1823",,Cambridge,Printed for the author,,1813,c1813|||1813|||1813-01-01T00:00:00,,,monographic,English,text,print,"xlviii, 68, [4] p., [12] leaves of plates : ill., port. ; 24 cm.",,,Penmanship,,,,397949,,,,,University of Pittsburgh,collection.120
00acc6476m,"manual of American literature: a text-book for schools and colleges, A",,,"Hart, John S. (John Seely), 1810-1877",,Philadelphia,Eldredge & Brother,,1872,c1872|||1872|||1872-01-01T00:00:00,,,monographic,English,text,print,641 p. ; 20 cm.,bibliography,,"American literature|||History and criticism|||Authors, American|||Biography",,,,398738,,,,,University of Pittsburgh,collection.120
00acc6636m,"primer of American literature, A",,,"Richardson, Charles F. (Charles Francis), 1851-1913",,Boston,"Houghton, Mifflin and Company",,1891/1883,"1891|||1883|||1891, c1883|||ca. 1891-1883|||1891-01-01T00:00:00",,"New and rev. ed.,",monographic,English,text,print,"117 p., [12] leaves of plates : ports. ; 15 cm.",,,American literature|||History and criticism,,,,398864,,,,,University of Pittsburgh,collection.120
00acc6716m,Slate and black board exercises,,,"Alcott, William A. (William Andrus), 1798-1859",,Reading,H.A. Lantz,,1857,1857|||1857-01-01T00:00:00,,Rev. ed.,monographic,English,text,print,"[14], 292 p. : ill. ; 18 cm.",,,"Blackboards|||Problems, exercises, etc|||Teaching|||Aids and devices",,,,398915,,,,,University of Pittsburgh,collection.120
00acd2860m,"religious instruction of the Negroes in the United States, The",,,"Jones, Charles Colcock, 1804-1863",,Savannah,Thomas Purse,,1842,1842|||1842-01-01T00:00:00,,,monographic,English,text,print,"xiii, 277 p. ; 20 cm.",,,African Americans|||Religion|||Education|||Christian education,,United States,,404805,,07042228,,,University of Pittsburgh,collection.120
00acd3486m,"instructor, or, Young man's best companion: containing, spelling, reading, writing and arithmetic, in an easier way than any yet published ... how to write letters on business or friendship, forms of indentures, bonds, bills of sale [etc.], merchants accompts ... the method of measuring carpenters, joiners, sawyers [etc.] work, how to undertake each work, and at what price ... the practical gauger made easy, the art of dialing ... with instructions for dying, colouring, and making colours, and some general observations for gardening every month in the year : to which are added, the family's best companion, and a compendium of geography and astronomy : also, some useful interest tables, The",,Young man's best companion,"Fisher, George, accomptant",,London,Printed for the booksellers,,1792,1792|||1792-01-01T00:00:00,,New ed. carefully corr.,monographic,English,text,print,"xii, 404 p. : ill. ; 18 cm.",,,"Handbooks, vade-mecums, etc",,,,405358,,,,,University of Pittsburgh,collection.120
00acd3792m,"art of reading, or, Rules for the attainment of a just and correct enunciation of written language: mostly selected from Walker's Elements of elocution, and adapted to the use of schools, The",,Rules for the attainment of a just and correct enunciation of written language,,,Boston,"Cummings, Hilliard, and Company",,1826,1826|||1826-01-01T00:00:00,,,monographic,English,text,print,68 p. ; 19 cm.,,,Reading|||Elocution,,,,405499,,,,,University of Pittsburgh,collection.120
00ace1765m,"Class book of nature: comprising lessons on the universe, the three kingdoms of nature, and the form and structure of the human body : with questions and numerous engravings, The",,,,"Frost, John, 1800-1859",Hartford,Wm. Hamersley,,1850/1836,"1850|||1836|||1850, c1836|||ca. 1850-1836|||1850-01-01T00:00:00",,13th ed.,monographic,English,text,print,283p. : ill. ; 18 cm.,,,Science|||Juvenile literature,,,juvenile,412725,,,,,University of Pittsburgh,collection.120
00ace7344m,Hygiene for young people: adapted to intermediate classes and common schools,,,"Woman's Christian Temperance Union, National Department of Scientific Instruction.","Palmer, Alonzo Benjamin, 1815-1887",New York,A.S. Barnes & Company,,1885,c1885|||1885|||1885-01-01T00:00:00,,,monographic,English,text,print,"207 p., [3] leaves of plates : ill. ; 19 cm.",,,Physiology|||Hygiene|||Juvenile literature,,,juvenile,417949,,07009253,,,University of Pittsburgh,collection.120
00acf6271m,"third reader: for the use of schools, The",,,"Goodrich, Samuel G. (Samuel Griswold), 1793-1860",,"Louisville, Ky",Morton & Griswold,,1839,c1839|||1839|||1839-01-01T00:00:00,,,monographic,English,text,print,180 p. ; 19 cm.,,,Readers (Elementary)|||Recitations,1800-1870,,,426175,,,,,University of Pittsburgh,collection.120
00acf6728m,"Columbian orator: containing a variety of original and selected pieces, together with rules, calculated to improve youth and others in the ornamental and useful art of eloquence, The",,,"Bingham, Caleb, 1757-1817",,Boston,J.H.A. Frost,,1832/1810,"1832|||1810|||1832, c1810|||ca. 1832-1810|||1832-01-01T00:00:00",,Stereotype ed.,monographic,English,text,print,300 p. ; 18 cm.,,,Recitations|||Readers,,,,426615,,,,,University of Pittsburgh,collection.120
00acf7074m,McGuffey's newly revised eclectic primer: newly illustrated,Eclectic primer. 1867,Newly revised eclectic primer,"McGuffey, William Holmes, 1800-1873",,Cincinnati,"Wilson, Hinkle and Co.",,1867,c1867|||1867|||1867-01-01T00:00:00,,,monographic,English,text,print,34 p. : ill. ; 15 cm.,,,Readers (Primary),1800-1870,,,426920,,,,,University of Pittsburgh,collection.120
00acf7166m,"American spelling book: containing the rudiments of the English language : for the use of schools in the United States, The",Grammatical institute of the English language,,"Webster, Noah, 1758-1843",,Philadelphia,Johnson & Warner,,1809/1804,"1809|||1804|||1809, c1804|||ca. 1809-1804|||1809-01-01T00:00:00",,30th rev. ed.,monographic,English,text,print,168 p. ; 17 cm.,,,Spellers,,,,426961,,,,,University of Pittsburgh,collection.120
00acg7537m,"Exercises in rhetorical reading: with a series of introductory lessons, particularly designed to familiarize readers with the pauses and other marks in general use, and lead them to the practice of modulation and inflection of the voice",,Parker's rhetorical reader,"Parker, Richard Green, 1798-1869",,New York,A.S. Barnes & Co.,,1855/1849,"1855|||1849|||1855, c1849|||ca. 1855-1849|||1855-01-01T00:00:00",,9th ed.,monographic,English,text,print,432 p. ; 19 cm.,,,Elocution|||Recitations|||Readers (Secondary),1800-1870,,,436712,,,,,University of Pittsburgh,collection.120
00acg9659m,McGuffey's fifth eclectic reader,Fifth eclectic reader. 1879 (American Book Co.),,"McGuffey, William Holmes, 1800-1873",,New York,American Book Co.,,1879,c1879|||1879|||1879-01-01T00:00:00,,Rev. ed.,monographic,English,text,print,352 p. : ill. ; 19 cm.,,,Readers (Elementary),1870-1950,,,438753,,,,,University of Pittsburgh,collection.120
00ach0331m,McGuffey's new fifth eclectic reader: selected and original exercises for schools,"Fifth eclectic reader. 1857 (Sargent, Wilson & Hinkle)",New fifth eclectic reader,"McGuffey, William Holmes, 1800-1873",,Cincinnati|||New York,"Sargent, Wilson & Hinkle|||Clark & Maynard",,1857,c1857|||1857|||1857-01-01T00:00:00,,Stereotype ed.,monographic,English,text,print,336 p. ; 19 cm.,,,Readers (Elementary),1800-1870,,,439404,,,,,University of Pittsburgh,collection.120
00ach0530m,"McGuffey's new sixth eclectic reader: exercises in rhetorical reading, with introductory rules and examples","Sixth eclectic reader. 1857 (Sargent, Wilson & Hinkle)",New sixth eclectic reader,"McGuffey, William Holmes, 1800-1873",,Cincinnati|||New York,"Sargent, Wilson & Hinkle|||Clark & Maynard",,1857,c1857|||1857|||1857-01-01T00:00:00,,Stereotype ed.,monographic,English,text,print,448 p. ; 19 cm.,,,Readers|||Recitations,,,,439595,,,,,University of Pittsburgh,collection.120
00ach1121m,McGuffey's sixth eclectic reader,"Sixth eclectic reader. 1879 (Van Antwerp, Bragg & Co.)",,"McGuffey, William Holmes, 1800-1973",,Cincinnati,"Van Antwerp, Bragg & Co.",,1879,c1879|||1879|||1879-01-01T00:00:00,,Rev. ed.,monographic,English,text,print,"464 p., [8] leaves of plates : ill. ; 19 cm.",,,Readers|||Recitations,,,,440149,,,,,University of Pittsburgh,collection.120
00ach1127m,"Osgood's progressive fifth reader: embracing a system of instruction in the principles of elocution, and selections for reading and speaking from the best English and American authors : designed for the use of academies and the highest classes in public and private schools",Progressive fifth reader. 1858,,"Osgood, Lucius.",,Pittsburgh,A.H. English & Co.,,1858,c1858|||1858|||1858-01-01T00:00:00,,,monographic,English,text,print,480 p. ; 20 cm.,,,Readers (Elementary)|||Recitations,1800-1870,,,440155,,,,,University of Pittsburgh,
00ach2219m,"English reader, or Pieces in prose and poetry: selected from the best writers : designed to assist young persons to read with propriety and effect, to improve their language and sentiments, and to inculcate some of the most important principles of piety and virtue : with a few preliminary observations on the principles of good reading, The",,Pieces in prose and poetry,"Murray, Lindley, 1745-1826",,Utica,Printed by Hastings & Tracy,,1827,1827|||1827-01-01T00:00:00,,,monographic,English,text,print,263 p. ; 18 cm.,,,Readers,,,,440948,,,,,University of Pittsburgh,collection.120
00ach2273m,Osgood's American third reader: for schools and families,American third reader. 1871,,"Osgood, Lucius.",,Pittsburgh,A.H. English & Co.,,1871,c1871|||1871|||1871-01-01T00:00:00,,,monographic,English,text,print,192 p. : ill. ; 20 cm.,,,Readers (Elementary)|||Recitations,1870-1950,,,441000,,,,,University of Pittsburgh,collection.120
00ach2276m,Osgood's American primer: introductory to the American readers,American primer. 1870,,"Osgood, Lucius.",,Pittsburgh,H.I. Gourley,,1870,c1870|||1870|||1870-01-01T00:00:00,,,monographic,English,text,print,48 p. : ill. ; 19 cm.,,,Readers (Primary),1870-1950,,,441003,,,,,University of Pittsburgh,collection.120
00ach2301m,"McGuffey's new high school reader: for advanced classes, embracing about two hundred classic exercises",High school reader. 1857,New high school reader,"McGuffey, William Holmes, 1800-1873",,Cincinnati|||New York,"Wilson, Hinkle & Co.",,1857,c1857|||1857|||1857-01-01T00:00:00,,Stereotype ed.,monographic,English,text,print,480 p. ; 19 cm.,,,Readers (Secondary),1800-1870,,,441028,,,,,University of Pittsburgh,collection.120
00ach2352m,"Sanders' high school reader: embracing a comprehensive course of instruction in the principles of rhetorical reading : with a choice collection of exercises in reading, both in prose and poetry, for the use of the higher classes in schools of every grade",High school reader. 1862,,"Sanders, Charles W. (Charles Walton), 1805-1889",,New York,"Ivison, Phinney & Co.",,1862/1856,"1862|||1856|||1862, c1856|||ca. 1862-1856|||1862-01-01T00:00:00",,,monographic,English,text,print,528 p. ; 20 cm.,,,Readers (Secondary),1800-1870,,,441079,,,,,University of Pittsburgh,collection.120
00ach2356m,Sanders' union pictorial primer: introductory to the Union readers,Pictorial primer. 1866,Union pictorial primer,"Sanders, Charles W. (Charles Walton), 1805-1889",,New York,"Ivison, Blakeman, Taylor, and Company",,1866,"1880, c1866|||1866|||1866-01-01T00:00:00",,,monographic,English,text,print,48 p. : ill. ; 18 cm.,,,Readers (Primary),1800-1870,,,441083,,,,,University of Pittsburgh,collection.120
00ach2366m,"school reader: containing easy progressive lessons in reading and spelling, The",,,"Sanders, Charles W. (Charles Walton), 1805-1889",,New York,"Ivison, Phinney, Blakeman & Co.",,1858,c1858|||1858|||1858-01-01T00:00:00,,,monographic,English,text,print,"120 p. : ill., music ; 17 cm.",,,Readers (Elementary)|||Spellers,1800-1870,,,441093,,,,,University of Pittsburgh,collection.120
00ach2389m,"new Franklin primer and first reader, The",,,"Campbell, Loomis J. (Loomis Joseph), 1831-1896",,New York,Sheldon & Company,,1885,c1885|||1885|||1885-01-01T00:00:00,,,monographic,English,text,print,112 p. : ill. ; 19 cm.,,,Readers (Primary),1870-1950,,juvenile,441116,,,,,University of Pittsburgh,collection.120
00ach7649m,"analytical reader: containing lessons in simultaneous reading & defining, with spelling from the same : to which are added, questions, and references to an appendix, containing sketches of characters, persons and places alluded to in the work, The",,,"Putnam, Samuel, of Portsmouth, N.H",,"Dover, N.H",Samuel C. Stevens,,1828/1826,"1828|||1826|||1828, c1826|||ca. 1828-1826|||1828-01-01T00:00:00",,4th ed.,monographic,English,text,print,156 p. ; 17 cm.,,,Readers,,,juvenile,445675,,,,,University of Pittsburgh,collection.120
00ach7819m,"Town's new speller and definer: containing a new and complete key to pronunciation : an introduction to the ""Analysis of derivative words in the English language"", dictation exercises, and various other improvements",New speller and definer. 1870,,"Town, Salem, 1779-1864",,New York,"Oakley, Mason & Co.",,1870/1865,"1870|||1865|||1870, c1865|||ca. 1870-1865|||1870-01-01T00:00:00",,Rev. ed.,monographic,English,text,print,168 p. ; 18 cm.,,,Spellers,,,,445738,,,,,University of Pittsburgh,collection.120
00ach7836m,"standard speaker: containing exercises in prose and poetry for declamation in schools, academies, lyceums, colleges, newly translated or compiled from celebrated orators, authors, and popular debaters, ancient and modern, a treatise on oratory and elocution, notes explanatory and biographical, The",,,"Sargent, Epes, 1813-1880",,Philadelphia,Charles Desilver,,1861/1852,"1861|||1852|||1861, c1852|||ca. 1861-1852|||1861-01-01T00:00:00",,11th ed.,monographic,English,text,print,558 p. ; 21 cm.,,,Recitations|||Readers|||Elocution,,,,445755,,,,,University of Pittsburgh,collection.120
00ach7867m,"Analytical fourth reader: containing practical directions for reading, a thorough method of thought-analysis, a critical phonic analysis of English words, and a large number of new and valuable selections in readings",,,"Edwards, Richard, 1822-1908",,New York|||Chicago,Taintor & Co.|||Geo. & C.W. Sherwood,,1867,c1867|||1867|||1867-01-01T00:00:00,,,monographic,English,text,print,264 p. : ill. ; 20 cm.,,,Readers (Elementary),,,,445786,,,,,University of Pittsburgh,collection.120
00ach7916m,"progressive pictorial primer: the engravings from original designs, The",,,"Town, Salem, 1779-1864","Holbrook, Nelson M.",Boston,Oliver & Ellsworth,,1857,c1857|||1857|||1857-01-01T00:00:00,,,monographic,English,text,print,64 p. : ill. ; 18 cm.,,,Readers (Primary),1800-1870,,,445831,,,,,University of Pittsburgh,collection.120
00ach7935m,Cyr's fifth reader,Fifth reader. 1899,,"Cyr, Ellen M., d. 1920",,Boston,Ginn & Company,,1899,1899|||1899-01-01T00:00:00,,,monographic,English,text,print,"xiv, 433 p. : ill. ; 19 cm.",,,Readers,,,,445847,,,,,University of Pittsburgh,collection.120
00acj3075m,"ladies' reader: designed for the use of schools and family reading circles : comprising choice selections from standard authors, in prose and poetry, with the essential rules of elocution, simplified and arranged for strictly practical use, The",,,"Hows, John W. S. (John William Stanhope), 1797-1871",,Philadelphia,E.H. Butler & Co.,,1864/1859,"1864|||1859|||1864, c1859|||ca. 1864-1859|||1864-01-01T00:00:00",,,monographic,English,text,print,425 p. ; 19 cm.,,,Readers,,,,450681,,,,,University of Pittsburgh,collection.120
00acj3369m,"American class book, or, A collection of instructive reading lessons: adapted to the use of schools : selected from Blair's class book, etc, The",,A collection of instructive reading lessons,"Kimber, Thomas, fl. 1815",,Philadelphia,Kimber & Richardson,,1812,1812|||1812-01-01T00:00:00,,,monographic,English,text,print,347 p. ; 19 cm.,,,Readers,,,,450967,,,,,University of Pittsburgh,collection.120
00acj3379m,"New England primer: a reprint of the earliest known edition, with many facsimiles and reproductions, and an historical introduction, The",,,,"Ford, Paul Leicester, 1865-1902",New York,"Dodd, Mead and Company",,1899,1899|||1899-01-01T00:00:00,,,monographic,English,text,print,"113 p., [18] leaves of plates, [90] p. : ill. ; 19 cm.",,,Readers (Primary)|||Printing|||History,,United States,,450977,,,,,University of Pittsburgh,collection.120
00acj4231m,Pollard's synthetic third reader,Synthetic third reader. 1892,,"Pollard, Rebecca S. (Rebecca Smith), 1831-1917",,Chicago,Western Publishing House,,1892/1890,"1892|||1890|||1892, c1890|||ca. 1892-1890|||1892-01-01T00:00:00",,,monographic,English,text,print,320 p. : ill. ; 19 cm.,,,Readers (Elementary),1870-1950,,,451792,,,,,University of Pittsburgh,collection.120
00acj4389m,"Hemans reader for female schools: containing extracts in prose and poetry, The",,The Hemans young ladies' reader,"Pinneo, T. S. (Timothy Stone), 1804-1893",,New York|||Cincinnati,"Clark, Austin, & Smith|||W.B. Smith & Co.",,1847,c1847|||1847|||1847-01-01T00:00:00,,,monographic,English,text,print,480 p. ; 19 cm.,,,Readers (Secondary),1800-1870,,,451927,,,,,University of Pittsburgh,collection.120
00acj4720m,"institute reader and normal class-book: for the use of teachers' institutes and normal schools, and for self-training in the art of reading, The",,,"Cole, William H., fl. 1870-1898",,Cincinnati,"Van Antwerp, Bragg & Co.",,1870,c1870|||1870|||1870-01-01T00:00:00,,,monographic,English,text,print,360 p. : ill. ; 20 cm.,,,Readers,,,,452190,,,,,University of Pittsburgh,collection.120
00acj4738m,McGuffey's new fourth eclectic reader: instructive lessons for the young,"Fourth eclectic reader. 1866 (Cincinnati, Philadelphia, New Orleans, New York)",New fourth eclectic reader,"McGuffey, William Holmes, 1800-1873",,Cincinnati|||Philadelphia|||New Orleans|||New York,"Wilson, Hinkle & Co.|||Claxton, Remsen & Haffelfinger|||Stevens & Seymour|||Clark & Maynard",,1866,c1866|||1866|||1866-01-01T00:00:00,,Enl. ed.,monographic,English,text,print,242 p. : ill. ; 19 cm.,,,Readers (Elementary),1800-1870,,,452208,,,,,University of Pittsburgh,collection.120
00acj4739m,"American speaker: containing numerous rules, observations, and exercises on pronunciation, pauses, inflections, accent, and emphasis : also, copious extracts in prose and poetry, calculated to assist the teacher, and to improve the pupil in reading and recitation, The",,,"Frost, John, 1800-1859",,Philadelphia,"Thomas, Cowperthwait, & Co.",,1845/1836,"1845|||1836|||1845, c1836|||ca. 1845-1836|||1845-01-01T00:00:00",,,monographic,English,text,print,448 p. ; 20 cm.,,,Recitations|||Elocution,,,,452209,,,,,University of Pittsburgh,collection.120
00acj4830m,"Southern pictorial third reader: for schools and families, The",,,"Holmes, George F. (George Frederick), 1820-1897",,New York,Richardson & Co.,,1866,c1866|||1866|||1866-01-01T00:00:00,,,monographic,English,text,print,168 p. : ill. ; 19 cm.,,,Readers (Elementary),1800-1870,,,452300,,,,,University of Pittsburgh,collection.120
00acj4849m,"girl's reading-book: in prose and poetry, for schools, The",,,"Sigourney, L. H. (Lydia Howard), 1791-1865",,New York,J. Orville Taylor,,1839/1837,"1839|||1837|||1839, c1837|||ca. 1839-1837|||1839-01-01T00:00:00",,,monographic,English,text,print,274 p. ; 19 cm.,,,Readers (Elementary),1800-1870,,,452319,,,,,University of Pittsburgh,collection.120
00acj4850m,"girl's reading-book: in prose and poetry, for schools, The",,,"Sigourney, L. H. (Lydia Howard), 1791-1865",,New York,J. Orville Taylor,,1838/1837,"1838|||1837|||1838, c1837|||ca. 1838-1837|||1838-01-01T00:00:00",,5th ed.,monographic,English,text,print,243 p. ; 16 cm.,,,Readers (Elementary),1800-1870,,,452320,,,,,University of Pittsburgh,collection.120
00acj8742m,Word-primer: a beginner's book in oral and written spelling,,,"Swinton, William, 1833-1892",,New York,"Ivison, Blakeman, Taylor & Co.",,1873,c1873|||1873|||1873-01-01T00:00:00,,,monographic,English,text,print,96 p. ; 17 cm.,,,Spellers,,,juvenile,455789,,ca 17003171,,,University of Pittsburgh,collection.120
00ack2664m,Osgood's American primary speller,American primary speller. 1873 (A.H. English & Co.),,"Osgood, Lucius.",,Pittsburgh,A.H. English & Co.,,1873,c1873|||1873|||1873-01-01T00:00:00,,,monographic,English,text,print,96 p. : ill. ; 19 cm.,,,Spellers,,,,459433,,ca 17003288,,,University of Pittsburgh,collection.120
00ack2675m,Byerly's new American spelling-book: calculated for the use of schools in the United States,New American spelling book. 1820,,"Byerly, Stephen.",,Philadelphia,M'Carty & Davis,,1820,1820|||1820-01-01T00:00:00,,,monographic,English,text,print,155 p. : ill. ; 17 cm.,,,Spellers,,,,459444,,,,,University of Pittsburgh,collection.120
00ack2687m,Osgood's progressive speller,Progressive speller. 1856,,"Osgood, Lucius.",,Pittsburgh,A.H. English & Co.,,1856,c1856|||1856|||1856-01-01T00:00:00,,,monographic,English,text,print,170 p. : ill. ; 17 cm.,,,Spellers,,,,459456,,,,,University of Pittsburgh,collection.120
00ack2700m,"United States' spelling book, with appropriate reading lessons: being an easy standard for spelling, reading and pronouncing the English language, according to the rules established by John Walker, in his critical and pronouncing dictionary, The",,,,,Pittsburgh,"Cramer, Spear and Eichbaum",,1815/1809,"1815|||1809|||1815, c1809|||ca. 1815-1809|||1815-01-01T00:00:00",,,monographic,English,text,print,156 p. ; 17 cm.,,,Spellers|||Readers|||English language|||Pronunciation,,,,459469,,,,,University of Pittsburgh,collection.120
00ack2791m,"Cobb's spelling book: being a just standard for pronouncing the English language, containing the rudiments of the English, language arranged in catechetical order, an organization of the alphabet, an easy scheme of spelling and pronunciation, intermixed with easy reading lessons : to which are added, some useful tables, with the names of cities, counties, towns, rivers, lakes, &c. in the United States, and a list of the proper names contained in the New Testament, and pronounced according to the best authorities : designed to teach the orthography and orthoepy of J. Walker",Spelling book. 1825 (Knowlton & Rice),,"Cobb, Lyman, 1800-1864","Walker, John, 1732-1807","Watertown, N.Y",Printed and published by Knowlton & Rice,,1825,c1825|||1825|||1825-01-01T00:00:00,,Rev. ed.,monographic,English,text,print,168 p. ; 18 cm.,,,Spellers,,,,459560,,,,,University of Pittsburgh,collection.120
00ack5272m,"new guide to the English tongue: in five parts, containing,  I. Words both common and proper, from one to six syllables ... II. A large and useful table of words that are the same in sound but different in signification ... III. A short but comprehensive grammar ... IV. An useful collection of sentences in prose and verse, divine, moral and historical ... V. Forms of prayer for children on several occasions, A",,,"Dilworth, Thomas, d. 1780",,Carlisle,Printed by Archibald Loudon,,1810,1810|||1810-01-01T00:00:00,,,monographic,English,text,print,132 p. : ill. ; 17 cm.,,,English language|||Grammar|||Spellers,,,,461642,,,,,University of Pittsburgh,collection.120
00acl4424m,"Dr. Scudder's tales for little readers, about the heathen",,Tales for little readers about the heathen,,American Tract Society,New York,American Tract Society,,1849,c1849|||1849|||1849-01-01T00:00:00,,,monographic,English,text,print,198 p. : ill. ; 16 cm.,Juvenile literature,,Paganism|||Religions|||Christianity and other religions|||Hinduism|||Sunday-school literature,,,,469898,,,,,University of Pittsburgh,collection.120
00acl5621m,My story book,,,,,Boston,Massachusetts Sabbath School Society,,1800/1899,[18--?]|||ca. 1800-1899|||1800-01-01T00:00:00,,,monographic,English,text,print,64 p. : ill. ; 12 cm.,,,Sunday-school literature,,,,470922,,,,,University of Pittsburgh,collection.120
00acn8305m,Cyr's fourth reader,Fourth reader. 1899,,"Cyr, Ellen M., d. 1920",,Boston,Ginn & Company,,1899,c1899|||1899|||1899-01-01T00:00:00,,,monographic,English,text,print,"viii, 388 p. : ill., ports. ; 19 cm.",,,Readers (Elementary),1870-1950,,,491421,,,,,University of Pittsburgh,collection.120
00acq4243m,"Beadle's dime American speaker: comprising gems of elocution and humor, for schools, exhibitions, parlors, etc",,,"Victor, Orville J. (Orville James), 1827-1910",,New York,Beadle and Company,,1863,c1863|||1863|||1863-01-01T00:00:00,,Rev. and enl. ed.,monographic,English,text,print,98 p. ; 17 cm.,,,Recitations,,,,506319,,54047905,,,University of Pittsburgh,collection.120
00acq4264m,"national school primer, or, primary word-builder, The",,Primary word-builder,"Watson, J. Madison (James Madison), 1827-1900",,New York,American Book Company,,1858,c1858|||1858|||1858-01-01T00:00:00,,,monographic,English,text,print,64 p. : ill. ; 18 cm.,,,Readers (Primary),1800-1870,,,506340,,,,,University of Pittsburgh,collection.120
00acy5431m,"young gentleman and lady's monitor, and English teacher's assistant: being a collection of select pieces from our best modern writers : calculated to eradicate vulgar prejudices and rusticity of manners, improve the understanding, rectify the will, purify the passions, direct the minds of youth to the pursuit of proper objects, and to facilitate their reading, writing, and speaking the English language, with elegance and propriety : particularly adapted for the use of our eminent schools and academies, as well as private persons, who have not an opportunity of perusing the works of those celebrated authors, from whence this collection is made : divided into small portions for the ease of reading in classes, The",,,"Moore, John Hamilton, d. 1807",,New York,"Printed for Evert Duyckinck, by Southwick and Crooker",,1802,1802|||1802-01-01T00:00:00,,Latest ed.,monographic,English,text,print,"vi, 382, [5] p. ; 18 cm.",,,Readers|||Youth|||Conduct of life,,,juvenile,568840,,,,,University of Pittsburgh,collection.120
00acy5488m,McGuffey's eclectic primer,Eclectic primer. 1881 (American Book Company),,"McGuffey, William Holmes, 1800-1873",,New York,American Book Company,,1881,c1881|||1881|||1881-01-01T00:00:00,,Rev. ed.,monographic,English,text,print,64 p. : ill. ; 19 cm.,,,Readers (Primary),1870-1950,,,568896,,,,,University of Pittsburgh,collection.120
00acz7897m,"Introduction to the national reader: a selection of easy lessons : designed to fill the same place in the common schools of the United States, that is held by Murray's introduction, and the compilations of Guy, Mylius, and Pinnock, in those of Great Britain",,,"Pierpont, John, 1785-1866",,New York,George F. Cooledge,,1835,c1835|||1835|||1835-01-01T00:00:00,,,monographic,English,text,print,168 p. ; 19 cm.,,,Readers,,,,580420,,,,,University of Pittsburgh,collection.120
00acz7992m,First lessons in numbers: oral and written,,,"Maglathlin, Henry B. (Henry Bartlett), 1819-1910","Greenleaf, Benjamin, 1786-1864",Boston,"Leach, Shewell, and Sanborn",,1881,c1881|||1881|||1881-01-01T00:00:00,,,monographic,English,text,print,"iv, 124 p. : ill. ; 18 cm.",Early works to 1900,,Arithmetic,,,,580512,,,,,University of Pittsburgh,collection.120
00acz8145m,"progressive third reader, for public and private schools: containing the elementary principles of elocution, illustrated by examples and exercises in connection with the tables and rules, and a series of lessons in reading : with original designs and engravings, The",,,"Town, Salem, 1779-1864","Holbrook, Nelson M.",Boston|||Portland [Me.],Bazin & Ellsworth|||Bailey and Noyes,,1857,c1857|||1857|||1857-01-01T00:00:00,,,monographic,English,text,print,304 p. : ill. ; 20 cm.,,,Readers,,,,580641,,,,,University of Pittsburgh,
00aep6688m,"Old textbooks: spelling, grammar, reading, arithmetic, geography, American history, civil government, physiology, penmanship, art, music, as taught in the common schools from colonial days to 1900",,,"Nietz, John A. (John Alfred), 1888-1970",,Pittsburgh],University of Pittsburgh Press,,1961,[1961]|||1961|||1961-01-01T00:00:00,,,monographic,English,text,print,"vii, 364 p. ports., map, facsims., tables. 24 cm.",bibliography,,Textbooks|||History,,United States,,904606,,60013851,,,University of Pittsburgh,collection.120
00aep6689m,"evolution of American secondary school textbooks: rhetoric & literature, algebra, geometry, natural history (zoology), botany, natural philosophy (physics), chemistry, Latin and Greek, French, German & world history as taught in American Latin grammar school academies and early high schools before 1900, The",,,"Nietz, John A. (John Alfred), 1888-1970",,"Rutland, Vt",C. E. Tuttle Co.,,1966,[1966]|||1966|||1966-01-01T00:00:00,,,monographic,English,text,print,"xii, 265 p. facsims., ports. 22 cm.",,,Textbooks|||History,,United States,,904607,,65020613,,,University of Pittsburgh,
00z329908m,"History of the United States: from their first settlement as colonies, to the close of the war with Great Britain in 1815 : to which are added questions, adapted to the use of schools",,,"Hale, Salma, 1787-1866",,Philadelphia,Uriah Hunt,,1835/1826,"1835|||1826|||1835, c1826|||ca. 1835-1826|||1835-01-01T00:00:00",,,monographic,English,text,print,"298, 24 p. ; 15 cm.",,,History,,United States,,329908,,06036138,,,University of Pittsburgh,collection.120
00z329961m,"history of the United States of America: on a plan adapted to the capacity of youth, and designed to aid the memory by systematick  arrangement and interesting associations : illustrated by engravings, A",,,"Goodrich, Charles A. (Charles Augustus), 1790-1862",,New York,Collins & Co.,,1825/1822,"1825|||1822|||1825, c1822|||ca. 1825-1822|||1825-01-01T00:00:00",,2nd ed.,monographic,English,text,print,"296, 20 p. : ill. ; 15 cm.",,,History,,United States,,329961,,,,,University of Pittsburgh,collection.120
00z330014m,"practical grammar of the English language, A",,,"Butler, Noble, 1819-1882",,Louisville,"John P. Morton & Co., c1846.",,1846,1846|||1846-01-01T00:00:00,,Electrotype ed.,monographic,English,text,print,254 p. ; 19 cm.,,,English language|||Grammar,,,,330014,,11004899,,,University of Pittsburgh,collection.120
00z330817m,"Geography on the productive system: for schools, academies, and families : accompanied by a large and valuable atlas",,,"Smith, Roswell Chamberlain, 1797-1875",,Hartford,Daniel Burgess & Co.|||Spalding and Storrs,,1838/1836,"1838|||1836|||1838, c1836|||ca. 1838-1836|||1838-01-01T00:00:00",,Rev. and improved.,monographic,English,text,print,247 p. : ill. ; 17 cm.,,,Geography|||Textbooks,1800-1870,,,330817,,42032793,,,University of Pittsburgh,collection.120
00z331728m,"Classical English letter-writer, or, Epistolary selections: designed to improve young persons in the art of letter-writing and in the principles of virtue and piety  : with introductory rules and observations on epistolary composition, and biographical notices of the writers from whom the letters are selected",,Epistolary selections,,,Philadelphia,Caleb Richardson,,1816,1816|||1816-01-01T00:00:00,,,monographic,English,text,print,"xxiv, 321 p. ; 19 cm.",,,English letters|||Collections|||Letter writing,,,,331728,,,,,University of Pittsburgh,collection.120
00z332218m,"young American, or, Book of government and law : showing their history, nature and necessity : for the use of schools, The",,Book of government and law,"Goodrich, Samuel G. (Samuel Griswold), 1793-1860",,New York,William Robinson,,1842,1842|||1842-01-01T00:00:00,,,monographic,English,text,print,282 p. : ill. ; 17 cm.,,,Politics and government|||Political science,,United States,,332218,,09021785,,,University of Pittsburgh,collection.120
00z333331m,"pictorial history of the United States: for schools and families, A",,,"Lossing, Benson John, 1813-1891",,New York,"F.J. Huntington, Mason Brothers",,1854,c1854|||1854|||1854-01-01T00:00:00,,,monographic,English,text,print,"343 p. : ill., ports ; 20 cm.",,,History,,United States,,333331,,02005784,,,University of Pittsburgh,collection.120
00z334080m,"young lady's accidence , or, A short and easy introduction to English grammar: designed principally for the use of young learners : more especially those of the fair sex : though proper for either, The",,A short and easy introduction to English grammar,"Bingham, Caleb, 1757-1817",,Boston,Samuel T. Armstrong,,1815,"1815, c1805|||1815|||1815-01-01T00:00:00",,20th ed.,monographic,English,text,print,60 p. ; 14 cm.,,,English language|||Grammar,,,,334080,,,,,University of Pittsburgh,collection.120
00z336193m,"improved grammar of the English language, An",,,"Webster, Noah, 1758-1843",,New Haven,Sidney Babcock,,1839/1831,"1839|||1831|||1839, c1831|||ca. 1839-1831|||1839-01-01T00:00:00",,,monographic,English,text,print,192 p. ; 19 cm.,,,English language|||Grammar,,,,336193,,,,,University of Pittsburgh,collection.120
00z339026m,Illustrated school history of the United States and the adjacent parts of America: from the earliest discoveries to the present time,,,"Quackenbos, G. P. (George Payn), 1826-1881",,New York,D. Appleton & Co.,,1857,c1857|||1857|||1857-01-01T00:00:00,,,monographic,English,text,print,"460 p. : ill., ports., maps ; 19 cm.",,,History,,United States,,339026,,02005259,,,University of Pittsburgh,collection.120
00z357226m,"system of modern geography, comprising a description of the present state of the world and its five great divisions: America, Europe, Asia, Africa, and Oceanica : with their several empires, kingdoms, states, territories, &c. ... illustrated by an atlas of sixteen maps, drawn and engraved to accompany the work, A",,Mitchell's school geography,"Mitchell, S. Augustus (Samuel Augustus), 1792-1868",,Philadelphia,"Thomas, Cowperthwait & Co.",,1840/1839,"1840|||1839|||1840, c1839|||ca. 1840-1839|||1840-01-01T00:00:00",,,monographic,English,text,print,"336 p. : ill., maps ; 17 cm.",,,Geography|||Textbooks,1800-1870,,,357226,,,,,University of Pittsburgh,collection.120
00z357387m,Lessons in geography for little learners,,,,"Quackenbos, John Duncan, 1848-1926",New York,American Book Company,,1889,c1889|||1889|||1889-01-01T00:00:00,,,monographic,English,text,print,"68 p. : ill., maps ; 19 cm.",,,Geography|||Textbooks,1870-1945,,,357387,,,,,University of Pittsburgh,collection.120
00z357449m,Peter Parley's geography for beginners: with eighteen maps and one hundred and fifty engravings,,,"Goodrich, Samuel G. (Samuel Griswold), 1793-1860",,New York,Huntington and Savage,,1845/1844,"1845|||1844|||1845, c1844|||ca. 1845-1844|||1845-01-01T00:00:00",,,monographic,English,text,print,"160 p. : ill., maps ; 15 cm.",,,Geography|||Textbooks,1800-1870,,,357449,,,,,University of Pittsburgh,collection.120
00z357466m,"easy grammar of geography: intended as a companion and introduction to the ""Geography on a popular plan for schools and young persons"" by the same author : with maps, An",,,"Phillips, R. (Richard), Sir, 1767-1840",,London,Printed for Richard Phillips,,1806,1806|||1806-01-01T00:00:00,,New ed.,monographic,English,text,print,144 p. : maps ; 14 cm.,,,Geography|||Textbooks,1800-1870,,,357466,,,,,University of Pittsburgh,collection.120
00z360346m,"Tower's common school grammar: with models of clausal, phrasal, and verbal analysis and parsing : gradually developing the construction of the English sentence",Common school grammar. 1861,,"Tower, David B. (David Bates), 1808-1868",,Boston,"Crosby, Nichols, Lee & Company",,1861/1859,"1861|||1859|||1861, c1859|||ca. 1861-1859|||1861-01-01T00:00:00",,,monographic,English,text,print,"viii, 243 p. ; 19 cm.",,,English language|||Grammar,,,,360346,,,,,University of Pittsburgh,collection.120
00z360370m,"practical new grammar, with exercises of bad English, or, An easy guide to speaking and writing the English language properly and correctly: to which is added, a curious and useful appendix, A",,An easy guide to speaking and writing the English language properly and correctly,"Fisher, A. (Anne), 1719?-1778",,Newcastle,Printed for Tho. Slack,,1780,1780|||1780-01-01T00:00:00,,"18th ed., enl. and much improved.",monographic,English,text,print,"xii, 180 p. ; 17 cm.",Early works to 1800,,English language|||Grammar,,,,360370,,,,,University of Pittsburgh,collection.120
00z360511m,"First lessons in our country's history: bringing out its salient points, and aiming to combine simplicity with sense",,Swinton's primary United States,"Swinton, William, 1833-1892",,New York,"Ivison, Blakeman, Taylor, & Company",,1872,c1872|||1872|||1872-01-01T00:00:00,,,monographic,English,text,print,"viii, 119 p. : ill., maps ; 18 cm.",,,History,,United States,,360511,,,,,University of Pittsburgh,collection.120
00z360707m,"pictorial history of the United States: with notices of other portions of America, A",,,"Goodrich, Samuel G. (Samuel Griswold), 1793-1860",,New York|||Cincinnati,"Huntington and Savage, Mason and Law|||H.W. Derby & Company",,1850/1843,"1850|||1843|||1850, c1843|||ca. 1850-1843|||1850-01-01T00:00:00",,Rev. and improved ed.,monographic,English,text,print,"viii, 360 p. : ill., maps ; 19 cm.",,,History,,United States|||America,,360707,,,,,University of Pittsburgh,collection.120
00z398954m,"new universal letter writer: containing letters on duty, amusement, love, courtship, marriage, friendship, trade, religion, and other useful subjects, The",,,"Cook, Thomas.",,Montpelier,Lucius Q.C. Bowles,,1816,1816|||1816-01-01T00:00:00,,,monographic,English,text,print,288 p. ; 17 cm.,,,Letter writing,,,,398954,,,,,University of Pittsburgh,collection.120
00z411590m,"Palmer method of business writing: a  series of self-teaching in rapid, plain, unshaded, coarse-pen, muscular movement writing, The",,,"Palmer, A. N. (Austin Norman), 1859-1927",,New York,A.N. Palmer Company,,1915,1915|||1915-01-01T00:00:00,,,monographic,English,text,print,95 p. : ill. ; 15 x 24 cm.,,,Penmanship,,,,411590,,,,,University of Pittsburgh,collection.120
00z412377m,"Penmanship explained, or, The principles of writing reduced to an exact science",,,"Potter, S. A.",,Philadelphia,Cowperthwait & Co.,,1868/1866,"1868|||1866|||1868, 1866|||ca. 1868-1866|||1868-01-01T00:00:00",,,monographic,English,text,print,"123 p., [6] pages of plates : ill. ; 19cm.",,,Penmanship,,,,412377,,,,,University of Pittsburgh,collection.120
00z412637m,"New vertical script primer, The",,,,,New York : Potter & Putnam,,,1898,"1898|||1898, c1895|||1898|||1898-01-01T00:00:00",,,monographic,English,text,print,48 p. : ill. ; 20 cm.,,,"Penmanship, Vertical",,,,412637,,,,,University of Pittsburgh,collection.120
00z418146m,Cornell's primary geography: forming part first of a systematic series of school geographies,Primary geography. 1855,,"Cornell, S. S. (Sophia S.)",,New York,D. Appleton & Company,,1855/1854,"1855|||1854|||1855, c1854|||ca. 1855-1854|||1855-01-01T00:00:00",,,monographic,English,text,print,"98 p. : ill., maps ; 23 cm.",,,Geography|||Textbooks,1800-1870,,,418146,,,,,University of Pittsburgh,collection.120
00z423660m,Lessons in hygiene: an elementary text-book on the maintenance of health : with the rudiments of anatomy and physiology and the treatment of emergent cases : comprising also lessons on the action of stimulants and sedatives on the brain and nervous system : adapted for common schools,,,"Cutter, John C. (John Clarence), 1851-1909",,Philadelphia,J.B. Lippincott Company,,1885,1885|||1885-01-01T00:00:00,,,monographic,English,text,print,180 p. : ill. ; 20 cm.,,,Hygiene|||Juvenile literature|||Physiology,,,,423660,,07033419,,,University of Pittsburgh,collection.120
00z426609m,"Dainty songs for little lads and lasses: for use in the kindergarten, school and home",,,"Murray, James R. (James Ramsey), 1841-1905",,Cincinnati,John Church Co.,,1887,c1887|||1887|||1887-01-01T00:00:00,,,monographic,English,notated music,print,1 score (160 p.) ; 16 cm.,,,Children's songs,,,juvenile,426609,,,,,University of Pittsburgh,collection.120
00z426876m,School melodies: containing a choice collection of popular airs with original and appropriate words composed expressly for the use of schools,,,"Greene, J. W. (James Whitman)",,Boston,Morris Cotton,,1852,c1852|||1852|||1852-01-01T00:00:00,,,monographic,English,notated music,print,72 p. of music ; 11 x 17 cm.,,,School songbooks,,,,426876,,,,,University of Pittsburgh,collection.120
00z444840m,"first reader, The",,,"Monroe, Lewis B. (Lewis Baxter), 1825?-1879",,Philadelphia,Cowperthwait & Co.,,1873,c1873|||1873|||1873-01-01T00:00:00,,,monographic,English,text,print,96 p. : ill. ; 19 cm.,,,Readers (Elementary),1870-1950,,,444840,,55054644,,,University of Pittsburgh,collection.120
00z469484m,"Analysis of civil government: including a topical and tabular arrangement of the Constitution of the United States : designed as a class-book for the use of grammar, high, and normal schools, academies, and other institutions of learning",,,"Townsend, Calvin, d. 1881",,New York|||Philadelphia|||Chicago,"Ivison, Phinney, Blakeman, & Co.|||J.B. Lipppincott & Co.|||S.C.Griggs & Co.",,1869/1868,"1869|||1868|||1869, c1868|||ca. 1869-1868|||1869-01-01T00:00:00",,,monographic,English,text,print,342 p. ; 20 cm.,handbook,,"Politics and government|||Handbooks, manuals, etc|||United States.",,United States,,469484,,09025699,,,University of Pittsburgh,collection.120
00z470549m,"principles of the government of the United States: adapted to the use of schools, The",,,"Davis, Pardon.",,Philadelphia,H.C. Carey and I. Lea,,1823/1822,"1823|||1822|||1823, c1822|||ca. 1823-1822|||1823-01-01T00:00:00",,,monographic,English,text,print,240 p. ; 18 cm.,,,Constitutions|||States|||United States.,,United States,,470549,,09021786,,,University of Pittsburgh,collection.120
00z480908m,"Fashionable American letter writer, or, The art of polite correspondence: containing a variety of plain and elegant letters on business, love, courtship, marriage, relationship, friendship, &c : with forms of complimentary cards : to the whole is prefixed directions for letter writing, and rules for composition, The",,The art of polite correspondence,,,Brookfield,E. Merriam & Co.,,1832,1832|||1832-01-01T00:00:00,,,monographic,English,text,print,"xi, 179 p. ; 15 cm.",,,Letter writing,,,,480908,,,,,University of Pittsburgh,collection.120
00z573063m,"child's book of American geography: designed as an easy and entertaining work for the use of beginners : with sixty engravings, and eighteen maps, The",,,"Goodrich, Samuel G. (Samuel Griswold), 1793-1860","Brown, George Loring, 1814-1889|||Bowen, Abel, 1790-1850",Boston,Waitt & Dow,,1832/1831,"1832|||1831|||1832, c1831|||ca. 1832-1831|||1832-01-01T00:00:00",,,monographic,English,text,print,"64 p. : ill. (Some col.), maps ; 18 cm.",,,Description and travel|||Geography|||Textbooks,1800-1870,United States|||America,,573063,,,,,University of Pittsburgh,collection.120
00z792242m,"Chesterfield's art of letter-writing simplified: being a guide to friendly, affectionate, polite and business correspondence : containing a large collection of the most valuable information relative to the art of letter-writing, with clear and complete instructions how to begin and end correspondence, rules for punctuation and spelling, &c. : to which is appended the complete rules of etiquette and the usages of society : containing the most approved rules for correct deportment in fashionable life, together with hints to gentlemen and ladies on irregular and vulgar habits, also, the etiquette of love and courtship, marriage etiquette, &c",,Art of letter-writing simplified|||Complete rules of etiquette,,,New York,Dick & Fitzgerald,,1857,c1857|||1857|||1857-01-01T00:00:00,,,monographic,English,text,print,"68, 64,16 p. ; 17 cm.",,,Letter writing|||Etiquette,,,,792242,,,,,University of Pittsburgh,collection.120
01acf7207m,"Cobb's juvenile reader no. 1: containing interesting, moral, and instructive reading lessons, composed of easy words of one and two syllables : designed for the use of small children in families and school",Juvenile reader no. 1. 1830,,"Cobb, Lyman, 1800-1864",,"Ithaca, N.Y","Andrus, Woodruff, & Gauntlett",,1830,c1830|||1830|||1830-01-01T00:00:00,,,monographic,English,text,print,72 p. : ill. ; 15 cm.,,,Readers (Primary),1800-1870,,,426991,,,,,University of Pittsburgh,collection.120
01ach2440m,"gradual primer, or, Primary school enunciator: The child's first step, taken in the right place, The",,Primary school enunciator|||The child's first step,"Tower, David B. (David Bates), 1808-1868",,New York,Daniel Burgess & Co.,,1855/1853,"1855|||1853|||1855, c1853|||ca. 1855-1853|||1855-01-01T00:00:00",,"New ed.,",monographic,English,text,print,104 p. : ill. ; 17 cm.,,,Readers (Primary),1800-1870,,juvenile,441166,,,,,University of Pittsburgh,collection.120
01z358174m,Elements of useful knowledge: containing a historical and geographical account of the United States : for the use of schools,,,"Webster, Noah, 1758-1843",,New London,"Printed for O.D. Cooke, by E.P Cady",,1807,1807|||1807-01-01T00:00:00,,,monographic,English,text,print,3 v. ; 17 cm.,,,Geography|||Textbooks|||History,"1800-1870|||Colonial period, ca 1600-1775",United States,,358174,,a 33000174,,,University of Pittsburgh,collection.120
02ach1100m,"Cobb's juvenile reader no. 2: containing interesting, moral, and instructive reading lessons, composed of words of one, two, and three syllables : designed for the use of small children, and, in connexion with No. I, to accompany the spelling book in families and schools",Juvenile reader no. 2. 1831,,"Cobb, Lyman, 1800-1864",,Baltimore,Printed and published by Joseph Jewett,,1831,1831|||1831-01-01T00:00:00,,,monographic,English,text,print,144 p. : ill. ; 15 cm.,,,Readers (Elementary),1800-1870,,,440130,,,,,University of Pittsburgh,collection.120
02ack2728m,"speller and definer, or, Class-book no. 2: designed to answer the purposes of a spelling book and to supersede the necessity of the use of a dictionary as a class-book, The",,Class-book no. 2,"Hazen, Edward.",,New York,"Lamport, Blakeman & Law",,1829,c1829|||1829|||1829-01-01T00:00:00,,179th rev. ed.,monographic,English,text,print,215 p. ; 16 cm.,,,Spellers,,,,459497,,,,,University of Pittsburgh,collection.120
03ach2155m,"Cobb's juvenile reader no. 3: containing interesting, historical, moral, and instructive reading lessons, composed of words of a greater number of syllables than the lessons in Nos. I and II, and a greater variety of composition, both in prose and poetry, selected from the writings of the best American and English authors : to which are prefixed observations on the principles of good reading : designed for the use of larger children in families and schools",Juvenile reader no. 3. 1831 (Loomis),,"Cobb, Lyman, 1800-1864",,Pittsburgh,Luke Loomis,,1831,1831|||1831-01-01T00:00:00,,,monographic,English,text,print,216 p. : ill. ; 15 cm.,,,Readers (Elementary),1800-1870,,,440884,,,,,University of Pittsburgh,collection.120
31735035516370,Epochs in American history,,,"Ellis, Edward Sylvester, 1840-1916",,Chicago,A. Flanagan,,1896,c1896|||1896|||1896-01-01T00:00:00,,,monographic,English,text,print,192 p. : ill. ; 19 cm.,,,History,,United States,,1190981,,02005754,,,University of Pittsburgh,collection.120
31735035996432,Expert shorthand speed course: teacher's handbook,,,"Blanchard, Clyde Insley, 1888-","Zoubek, Charles E. (Charles Edward), 1913-1997",New York|||Chicago|||San Francisco|||Boston|||Dallas|||Toronto|||London,The Gregg Pub. Co.,c1945,c1945,,,,monographic,English,text,print,"v, 227 p. ; 21 cm.",,,Shorthand|||Exercises for dictation,,,,1156467,,,,,University of Pittsburgh,collection.120
31735045572330,National penmanship compendium for self-instruction and for use in schools and colleges,,,"Taylor, A. D.",,New York,Horace G. Healey,,1904,1904|||1904-01-01T00:00:00,,,monographic,English,text,print,1 v. (loose leave) : ill. ; 10 x 23 cm.,,,Penmanship,,,,4008096,,,,,University of Pittsburgh,collection.120
31735056711504,"principles of English grammar: adapted to the use of common schools, The",,,"Whiting, Joseph, 1800-1845",,Detroit|||New York,A. McFarran|||Mark H. Newman,,1845/1844,"1845|||1844|||1845, c1844|||ca. 1845-1844|||1845-01-01T00:00:00",,,monographic,English,text,print,60 p. ; 19 cm.,,,English language|||Grammar,,,,360824,,,,,University of Pittsburgh,collection.120
31735057849709,Key to Pearson's Latin prose composition,,,"Inglis, Alexander James, 1879-1924",,New York,American Book Company,,1904,[1904?]|||1904|||1904-01-01T00:00:00,,,monographic,English|||Latin,text,print,105 p. ; 18 cm.,,,Latin language|||Composition and exercises,,,,398826,,,,,University of Pittsburgh,collection.120
